Ville,Habitants par Salon
toulouse,15639.0
nantes,12580.0
nice,14912.0
strasbourg,13512.0
saint-denis,26.0
saint-denis,15.0
saint-denis,5597.0
saint-denis,7466.0
grenoble,8454.0
montpellier,15189.0
toulon,9145.0
le havre,9559.0
lille,13814.0
annecy,8136.0
perpignan,8112.0
ajaccio,5108.0
dijon,11443.0
cambrai,2371.0
colmar,5397.0
saint-nazaire,104.0
saint-nazaire,5981.0
saint-nazaire,227.0
la rochelle,7078.0
la rochelle,4.0
saint-paul,21.0
saint-paul,87.0
saint-paul,145.0
saint-paul,63.0
saint-paul,29.0
saint-paul,63.0
saint-paul,114.0
saint-paul,14.0
saint-paul,9626.0
aix-en-provence,13243.0
caen,9775.0
bordeaux,23437.0
reims,16871.0
antibes,7416.0
metz,11825.0
rennes,22092.0
le tampon,7970.0
castres,25.0
castres,4308.0
le mans,14578.0
clermont-ferrand,14663.0
arles,5332.0
cherbourg-en-cotentin,8157.0
cannes,7469.0
cagnes-sur-mer,5712.0
valenciennes,4862.0
la seyne-sur-mer,7191.0
amiens,15195.0
bourges,8324.0
rochefort,3106.0
rochefort,30.0
douai,5076.0
boulogne-sur-mer,5165.0
brive-la-gaillarde,6025.0
saint-leu,4254.0
la ciotat,4445.0
cahors,2601.0
limoges,16808.0
mulhouse,13826.0
brest,17844.0
saint-pierre,12.0
saint-pierre,17.0
saint-pierre,31.0
saint-pierre,45.0
saint-pierre,39.0
saint-pierre,82.0
saint-pierre,522.0
saint-pierre,10635.0
chartres,4970.0
cayenne,8806.0
calais,10654.0
pau,11219.0
lisieux,2998.0
la valette-du-var,3447.0
cholet,7970.0
villeurbanne,21251.0
saint-louis,98.0
saint-louis,3065.0
saint-louis,357.0
saint-louis,7708.0
dunkerque,12667.0
millau,3263.0
romilly-sur-seine,2108.0
albi,7251.0
tours,19802.0
avignon,13382.0
beaune,3624.0
vannes,9237.0
martigues,8109.0
draguignan,6706.0
six-fours-les-plages,5570.0
arras,6969.0
bourgoin-jallieu,4837.0
lorient,9770.0
flers,2516.0
flers,38.0
flers,33.0
forbach,3643.0
nancy,17624.0
agde,4837.0
tarbes,7098.0
rouen,18627.0
dieppe,4940.0
brioude,1416.0
talence,8715.0
louviers,3814.0
fort-de-france,16201.0
le port,31.0
le port,6888.0
beauvais,11516.0
bar-le-duc,3117.0
tulle,3093.0
meximieux,1574.0
firminy,3478.0
oyonnax,4589.0
hem,3757.0
maromme,2209.0
melun,8070.0
roanne,7012.0
orange,5913.0
levallois-perret,12984.0
saint-quentin,11020.0
audruicq,1093.0
saint-joseph,386.0
saint-joseph,164.0
saint-joseph,3292.0
saint-joseph,7633.0
angers,31207.0
aubenas,2587.0
mandelieu-la-napoule,4543.0
manosque,4598.0
nevers,6819.0
la croix-valmer,975.0
les pennes-mirabeau,5330.0
gravelines,2846.0
versailles,21975.0
drancy,17901.0
la roche-sur-yon,14342.0
troyes,15707.0
vienne,7421.0
lens,7904.0
wittenheim,3608.0
morlaix,3757.0
le pontet,32.0
le pontet,4421.0
saint-michel-chef-chef,1270.0
cluses,4364.0
saint-junien,2869.0
mauges-sur-loire,4682.0
pierrefeu-du-var,1537.0
pontarlier,4508.0
dole,6152.0
soissons,7294.0
albertville,4863.0
orvault,6770.0
digne-les-bains,4332.0
bernay,2611.0
sarcelles,14712.0
clichy,15345.0
mont-de-marsan,7748.0
montigny-le-bretonneux,8349.0
aix-les-bains,7593.0
istres,10954.0
cavaillon,6769.0
gif-sur-yvette,5498.0
le puy-en-velay,4986.0
maussane-les-alpilles,584.0
maubeuge,7564.0
carqueiranne,2467.0
saumur,6925.0
montauban,15572.0
rodez,6476.0
laon,6387.0
niort,15126.0
nanterre,23935.0
saint-chamond,8881.0
cavalaire-sur-mer,1867.0
carpentras,7286.0
denain,4980.0
aubervilliers,21649.0
roye,396.0
roye,1462.0
saint-amand-les-eaux,4010.0
oloron-sainte-marie,2826.0
champagnole,2086.0
laval,255.0
laval,13071.0
le blanc,1653.0
roquebrune-sur-argens,3615.0
tarnos,3145.0
cours,52.0
cours,1132.0
cours,142.0
carvin,4309.0
bourbon-lancy,1667.0
saint-brevin-les-pins,4701.0
bischoffsheim,1129.0
quimper,21827.0
valentigney,3630.0
tournefeuille,9176.0
rumilly,86.0
rumilly,5247.0
le soler,2607.0
montendre,1099.0
annemasse,12035.0
dorlisheim,893.0
fouras,1361.0
les herbiers,5474.0
neuilly-plaisance,7089.0
cogolin,3997.0
gennevilliers,15723.0
marquise,1716.0
castelnau-le-lez,6937.0
villeneuve-en-retz,1661.0
revel,3298.0
revel,451.0
cognac,6425.0
avallon,2264.0
sens,8840.0
blois,15905.0
cuers,3852.0
saint-jean-de-braye,7116.0
bayonne,17466.0
sospel,1300.0
bletterans,488.0
saint-gervais-les-bains,1901.0
chaumont,18.0
chaumont,7724.0
chaumont,59.0
chaumont,169.0
chaumont,222.0
parentis-en-born,2147.0
halluin,6976.0
ussel,163.0
ussel,3375.0
ussel,32.0
verdun,77.0
verdun,6150.0
grigny,99.0
grigny,3245.0
grigny,9621.0
menton,9820.0
carling,1163.0
issoire,5075.0
la tour-du-pin,2762.0
berck,4840.0
carentan-les-marais,3435.0
argenteuil,36946.0
marseillan,31.0
marseillan,2629.0
marseillan,86.0
tinqueux,3390.0
marmande,6093.0
pont-saint-esprit,3506.0
limoux,3538.0
nemours,4405.0
les pavillons-sous-bois,8020.0
lescar,3408.0
vierzon,8814.0
change,77.0
bastia,15478.0
monteux,4377.0
gauchy,1787.0
barjols,1007.0
barbezieux-saint-hilaire,1632.0
craponne,3751.0
wattrelos,13706.0
vernaison,1684.0
blain,3321.0
antony,21106.0
noyon,4610.0
elne,3016.0
ploufragan,3966.0
fresnay-sur-sarthe,1005.0
lunel,8833.0
moutiers,85.0
moutiers,315.0
moutiers,529.0
morcenx-la-nouvelle,1743.0
marignane,11054.0
gaillac,5207.0
toul,5371.0
paimpol,2503.0
narbonne,18625.0
lillers,3338.0
canet-en-roussillon,4125.0
melle,2180.0
orthez,3702.0
capbreton,3019.0
saint-herblain,15666.0
abbeville,7786.0
bourg-en-bresse,14435.0
belfort,16141.0
le loroux-bottereau,2787.0
sarrebourg,4117.0
seyssel,339.0
seyssel,800.0
fontaine,88.0
fontaine,7597.0
fontaine,206.0
algrange,2067.0
la plaine-des-palmistes,2220.0
bully-les-mines,4078.0
saint-claude,3192.0
saint-claude,3541.0
langres,2715.0
dax,7171.0
montreuil,171.0
montreuil,715.0
montreuil,274.0
montreuil,36825.0
cotignac,734.0
woippy,4784.0
saint-martin-la-plaine,1276.0
barentin,4011.0
valence,67.0
valence,21676.0
valence,1792.0
hennebont,5347.0
carcassonne,15788.0
saint-romain-de-jalionas,1110.0
epagny metz-tessy,2671.0
rive-de-gier,5100.0
le lamentin,13490.0
la tessoualle,1090.0
dourges,1977.0
meaux,18487.0
bollwiller,1361.0
chasseneuil-sur-bonnieure,1105.0
creutzwald,4443.0
luxeuil-les-bains,2336.0
toulouges,2333.0
saint-flour,2316.0
saint-flour,96.0
gujan-mestras,7201.0
erdre-en-anjou,1943.0
brives-charensac,1440.0
saint-sever,1684.0
bressuire,6844.0
civray,311.0
civray,929.0
hilsenheim,887.0
charlieu,1257.0
schiltigheim,10690.0
guer,2159.0
aurillac,8943.0
les abymes,18016.0
la teste-de-buch,8813.0
les andelys,2733.0
val-de-reuil,4442.0
villefranche-de-lauragais,1527.0
saint-maximin-la-sainte-baume,5629.0
vitry-sur-seine,31353.0
lure,2803.0
saint-malo,15787.0
chabeuil,2351.0
vichy,8174.0
la chapelle-thouarault,1102.0
montauban-de-bretagne,3041.0
tergnier,6821.0
moirans,4007.0
douchy-les-mines,5299.0
harfleur,4257.0
chaville,10422.0
vaulx-en-velin,24964.0
meulan-en-yvelines,4532.0
la ville-aux-dames,2781.0
saint-pierre-en-faucigny,3352.0
tosse,1500.0
pierrelatte,6876.0
audincourt,6784.0
falaise,170.0
falaise,4246.0
mouans-sartoux,5010.0
cappelle-la-grande,3986.0
vincennes,25134.0
saint-yrieix-la-perche,3600.0
ardentes,1972.0
modane,1618.0
les touches,1252.0
bessancourt,3686.0
louhans,3284.0
faulquemont,2697.0
villemoisson-sur-orge,3542.0
riom,10000.0
saint-priest,625.0
saint-priest,83.0
saint-priest,23248.0
jaunay-marigny,3883.0
aubergenville,5940.0
noisy-le-sec,22137.0
courville-sur-eure,1456.0
perriers-sur-andelle,914.0
meyzieu,16862.0
noisy-le-grand,34258.0
le porge,1616.0
chilly,74.0
chilly,702.0
chilly,94.0
beaumont-de-lomagne,1966.0
fos-sur-mer,7827.0
longjumeau,10695.0
peaugres,1098.0
combloux,1110.0
mormant,2428.0
rue,1602.0
mios,5039.0
givors,10044.0
saint-avold,7930.0
montdidier,40.0
montdidier,3180.0
malemort,4076.0
colombes,42888.0
biot,5042.0
montlieu-la-garde,637.0
muret,12744.0
bourg-achard,1998.0
auchel,5172.0
bouguenais,9804.0
vidauban,6006.0
nanteuil-le-haudouin,2167.0
yquelon,566.0
maule,3038.0
capesterre-belle-eau,9208.0
chatou,15377.0
messery,1090.0
chevannes,82.0
chevannes,166.0
chevannes,1120.0
chevannes,824.0
port-la-nouvelle,2818.0
scionzier,4397.0
le relecq-kerhuon,5852.0
le petit-quevilly,11130.0
pornic,7704.0
chazelles-sur-lyon,2727.0
saujon,3640.0
saint-jean-le-blanc,4462.0
aubusson,1776.0
aubusson,226.0
chevilly-larue,9789.0
wambrechies,5518.0
pertuis,10365.0
wassy,1516.0
anse,3666.0
villeneuve-tolosane,4919.0
aime-la-plagne,2277.0
angoulins,2020.0
ailly-sur-somme,1496.0
langeais,2359.0
saint-usage,39.0
saint-usage,685.0
pulnoy,2510.0
le creusot,10968.0
druelle balsac,1617.0
cluny,2549.0
soustons,4034.0
aubagne,23310.0
saint-valery-en-caux,2084.0
plougonvelin,2136.0
cazilhac,850.0
cazilhac,778.0
blanquefort,30.0
blanquefort,8209.0
anneyron,2046.0
breteuil,2272.0
breteuil,2227.0
frignicourt,957.0
la queue-en-brie,6030.0
troissereux,632.0
soppe-le-bas,388.0
joinville-le-pont,9641.0
saint-dizier,12285.0
passy,33.0
passy,5660.0
passy,176.0
lombez,1085.0
commentry,3214.0
saint-bonnet-sur-gironde,420.0
laneuveville-devant-nancy,3326.0
nieppe,3780.0
le chambon-sur-lignon,1264.0
auberchicourt,2240.0
aulnat,2042.0
la boisse,1634.0
les trois-bassins,3617.0
magny-en-vexin,2858.0
lagnieu,3644.0
belleville,729.0
sainte-foy-la-grande,1292.0
moliets-et-maa,593.0
sainte-savine,5506.0
saint-cast-le-guildo,1696.0
luzarches,2310.0
mertzwiller,1698.0
saint-jory,2928.0
les auxons,1294.0
beaucourt,2535.0
lansargues,1578.0
yssingeaux,3834.0
tartas,1652.0
olivet,11237.0
olivet,214.0
orval,929.0
valencin,1424.0
saint-geours-de-maremne,1360.0
vibraye,1304.0
sisteron,3848.0
palaiseau,17940.0
guilers,4068.0
saint-michel,1738.0
saint-michel,38.0
saint-michel,1633.0
saint-michel,162.0
saint-michel,134.0
saint-michel,24.0
saint-michel,62.0
saint-michel,149.0
saint-michel,129.0
cayeux-sur-mer,1254.0
guebwiller,5707.0
blendecques,2568.0
crosne,4644.0
bolbec,5776.0
saint-vallier,68.0
saint-vallier,2034.0
saint-vallier,4416.0
saint-vallier,50.0
niedernai,646.0
pessac,32257.0
saint-max,5038.0
courtisols,1260.0
nouvion-sur-meuse,1143.0
rantigny,1264.0
villeneuve-la-guyard,1756.0
maretz,736.0
champlitte,836.0
saint-germain-laval,832.0
saint-germain-laval,1432.0
biarritz,13054.0
saint-germain,364.0
saint-germain,1177.0
saint-germain,82.0
saint-germain,684.0
saint-germain,476.0
nangis,4396.0
ramonville-saint-agne,7362.0
campbon,2034.0
montceau-les-mines,9394.0
saint-marcel-sur-aude,1016.0
saint-jean-en-royans,1468.0
saint-memmie,2794.0
capinghem,1262.0
chatte,1360.0
saint-nolff,1950.0
thiais,14624.0
digoin,4030.0
anor,1634.0
morangis,198.0
morangis,6901.0
la roche-sur-foron,5842.0
mouchard,709.0
torigny-les-villes,2204.0
saulxures-sur-moselotte,1337.0
vacqueyras,669.0
montberon,1494.0
outreau,6798.0
mazamet,5232.0
divatte-sur-loire,3472.0
jussac,1046.0
thiers,6084.0
prayssac,1236.0
fleury-sur-andelle,932.0
mauguio,8550.0
ville,389.0
le moule,11194.0
longuyon,2690.0
coulommiers,7538.0
matignon,842.0
la motte-servolex,6195.0
noves,2983.0
baie-mahault,15702.0
eu,3538.0
dreux,15802.0
haguenau,17525.0
bogny-sur-meuse,2587.0
maubourguet,1204.0
mont-bernanchon,690.0
voiron,10302.0
saint-just-saint-rambert,7676.0
feignies,3489.0
ornans,2258.0
feurs,4182.0
balaruc-les-bains,3429.0
gournay-en-bray,3084.0
vesoul,7864.0
mougins,9932.0
la souterraine,2724.0
fuveau,5169.0
gimont,1541.0
angles,34.0
angles,1426.0
vitrolles,106.0
vitrolles,16825.0
guerlesquin,685.0
gigean,3253.0
caudry,7370.0
visan,1020.0
fonsorbes,6008.0
spycker,917.0
les monts d'aunay,2367.0
saint-ambroix,186.0
saint-ambroix,1600.0
sainte-suzanne,120.0
sainte-suzanne,776.0
sainte-suzanne,11852.0
arbois,1772.0
dinard,5286.0
ruoms,1140.0
labatut,88.0
labatut,726.0
labatut,88.0
lesneven,3770.0
saint-chamas,4350.0
montargis,7606.0
crozon,3848.0
le plessis-bouchard,4238.0
ballancourt-sur-essonne,3848.0
iffendic,2280.0
la possession,16687.0
aigues-mortes,4200.0
pont-audemer,5238.0
croissy-sur-seine,5050.0
montmoreau,1338.0
montauroux,3270.0
pouilly-sous-charlieu,1258.0
le lardin-saint-lazare,896.0
habas,764.0
sainte-maxime,7092.0
pamiers,8072.0
gournay-sur-marne,3466.0
trets,5388.0
moulins,38.0
moulins,10114.0
moulins,370.0
saint-nicolas,2394.0
fressenneville,1125.0
givet,3454.0
boucau,4250.0
mende,6484.0
usson-en-forez,754.0
castelnaudary,6068.0
vence,9384.0
lombron,966.0
lambesc,4960.0
thouars,7170.0
ressons-sur-matz,855.0
bellerive-sur-allier,4382.0
venelles,4284.0
pleubian,1182.0
gagny,19768.0
saint-saulve,5676.0
mouchamps,1465.0
bosroumois,1828.0
saint-renan,4150.0
le rheu,4514.0
burbure,1448.0
bons-en-chablais,2868.0
gisors,5852.0
villard-de-lans,2217.0
sevran,25600.0
mulsanne,2650.0
vrigne aux bois,1850.0
villers-bocage,1572.0
villers-bocage,738.0
libourne,12700.0
le trait,2494.0
challans,10659.0
frizon,261.0
sucy-en-brie,13354.0
plaisir,15904.0
mer,3173.0
chambly,5152.0
gruissan,2532.0
auxerre,17958.0
villeneuve-loubet,7712.0
savigny-sur-orge,18408.0
corbeil-essonnes,25786.0
moissac,6689.0
apt,5831.0
tassin-la-demi-lune,11346.0
tourcoing,49014.0
bauvin,2612.0
prahecq,1108.0
mesnils-sur-iton,3187.0
thonon-les-bains,17932.0
anzin,6700.0
la fare-les-oliviers,4287.0
raismes,6331.0
cabannes,2250.0
chagny,95.0
chagny,2808.0
septeuil,1186.0
nogent-sur-seine,3048.0
polliat,1286.0
loon-plage,3134.0
la grave,246.0
rabastens,2882.0
chauffailles,1888.0
charolles,1610.0
oignies,4908.0
la sentinelle,1576.0
vexin-sur-epte,3101.0
saint-ouen,1642.0
saint-ouen,959.0
meslay-du-maine,1472.0
douvrin,2724.0
cosnes-et-romain,1372.0
saint-brieuc,23003.0
val-cenis,1063.0
pont-saint-vincent,973.0
tremblay-en-france,18172.0
munchhouse,772.0
ollioules,6986.0
montigny-en-gohelle,5129.0
montrouge,25240.0
saint-sauveur-le-vicomte,1086.0
bonifacio,1586.0
saint-denis-en-val,3847.0
le grand-quevilly,12972.0
nogent-le-roi,2076.0
elven,3068.0
souchez,1266.0
rivesaltes,4386.0
petit-couronne,4404.0
waziers,3760.0
seissan,551.0
bonneville,6505.0
bonneville,169.0
beaumont,124.0
beaumont,60.0
beaumont,71.0
beaumont,149.0
beaumont,36.0
beaumont,5512.0
beaumont,1452.0
beaumont,321.0
saint-marcellin,4051.0
saint-jean-pied-de-port,925.0
pouilley-les-vignes,1002.0
auxonne,3854.0
saint-amant-tallende,890.0
gasny,1570.0
romorantin-lanthenay,9123.0
connaux,854.0
nouvion,671.0
bon-encontre,3173.0
conches-en-ouche,2548.0
hautmont,7338.0
fontenay-sous-bois,26709.0
wingles,4415.0
bart,1016.0
bray-dunes,2264.0
trignac,3974.0
lapalisse,1600.0
elbeuf,8154.0
guilherand-granges,5602.0
bernos-beaulac,564.0
duclair,2122.0
castelculier,1214.0
sierck-les-bains,884.0
flayosc,2198.0
nyons,3490.0
saint-martin-de-crau,6828.0
saint-gilles,6856.0
saint-gilles,2533.0
saint-gilles,56.0
saint-gilles,479.0
saint-gilles,148.0
saint-gilles,140.0
ouveillan,1256.0
bavans,1850.0
hazebrouck,11000.0
bouc-bel-air,7473.0
oissel,5990.0
pointe-à-pitre,8024.0
saint-zacharie,2841.0
sours,1060.0
plouguerneau,3368.0
monistrol-sur-loire,4569.0
le quesnoy,2532.0
isigny-sur-mer,1842.0
suresnes,24368.0
crulai,436.0
pernes-les-fontaines,4942.0
savenay,4428.0
lamorlaye,4558.0
sarras,1117.0
saint-cyprien,195.0
saint-cyprien,798.0
saint-cyprien,1258.0
saint-cyprien,5338.0
ham,2354.0
privas,4303.0
warloy-baillon,382.0
argenton-sur-creuse,2570.0
saint-jean-de-monts,4422.0
tigy,1182.0
chilly-mazarin,10160.0
borgo,4450.0
serre-les-sapins,834.0
bouzonville,2014.0
orsay,8376.0
obernai,5869.0
figeac,5236.0
nogent-sur-oise,10198.0
haspres,1381.0
le grau-du-roi,4298.0
breuil-le-sec,1343.0
cucuron,900.0
puilboreau,3150.0
provin,2132.0
vennecy,924.0
saint-julien,748.0
saint-julien,1050.0
saint-julien,112.0
saint-julien,436.0
saint-julien,1225.0
saint-julien,56.0
marsas,613.0
marsas,37.0
lannion,10426.0
munster,124.0
munster,2344.0
la riche,5272.0
bains-sur-oust,1804.0
carquefou,10119.0
cercy-la-tour,886.0
salon-de-provence,23055.0
saint-galmier,2932.0
saint-laurent,638.0
saint-laurent,256.0
saint-laurent,252.0
saint-laurent,352.0
saint-laurent,91.0
saint-laurent,264.0
saint-laurent,429.0
ploemeur,9268.0
fresnes,86.0
fresnes,591.0
fresnes,33.0
fresnes,13952.0
freyming-merlebach,6480.0
bordes,1462.0
bordes,390.0
sainte-anne-sur-brivet,1510.0
villemomble,15076.0
saint-savin,1622.0
saint-savin,2078.0
saint-savin,190.0
saint-savin,431.0
bois-guillaume,7086.0
paray-le-monial,4820.0
royan,9474.0
villecresnes,5258.0
val d'erdre-auxence,2476.0
guyancourt,14532.0
marly,5171.0
marly,5988.0
breuillet,1488.0
breuillet,4256.0
riorges,5535.0
cenon,12488.0
eyrans,391.0
trans-en-provence,2992.0
tarascon,7476.0
coutances,4852.0
sorgues,9462.0
bezons,14754.0
moret-loing-et-orvanne,6276.0
carmaux,4830.0
foix,4932.0
dommartin,362.0
dommartin,87.0
dommartin,1337.0
dommartin,176.0
vervins,1330.0
le cannet,41864.0
autreville,827.0
autreville,188.0
argentan,14208.0
andres,1573.0
saint-romans,1819.0
giat,855.0
messigny-et-vantoux,1690.0
frouzins,9177.0
bresse vallons,2327.0
le lavandou,6047.0
fougerolles-du-plessis,1220.0
biscarrosse,14561.0
avesnes-le-comte,1932.0
corbelin,2282.0
saint-aignan,151.0
saint-aignan,216.0
saint-aignan,2924.0
saint-aignan,618.0
saint-aignan,252.0
saint-aignan,416.0
ballots,1312.0
arcangues,3240.0
quintin,3038.0
tournay,1229.0
buchelay,3154.0
grand-champ,5535.0
haute-amance,971.0
pluneret,5855.0
amancy,2719.0
vieux-charmont,2798.0
allaire,3979.0
stenay,2721.0
lons-le-saunier,18023.0
briouze,1605.0
exincourt,3272.0
mutzig,6061.0
florensac,5099.0
breuil-barret,647.0
ingwiller,4101.0
borne,51.0
borne,419.0
thury,283.0
thury,447.0
villieu-loyes-mollon,3717.0
vindecy,259.0
rumersheim-le-haut,1105.0
saix,295.0
saint-clar,1082.0
cambo-les-bains,6660.0
givrand,2228.0
sannois,27020.0
arcis-sur-aube,2950.0
saint-martin-lez-tatinghem,6042.0
pleslin-trigavou,3701.0
bains,1393.0
camps-la-source,1944.0
saint-jean-le-vieux,1802.0
saint-jean-le-vieux,296.0
saint-jean-le-vieux,866.0
criel-sur-mer,2734.0
villefranche-de-panat,730.0
magescq,2208.0
soliers,2095.0
saint-alban-leysse,6213.0
dammarie,1535.0
marans,4561.0
vagney,4035.0
muides-sur-loire,1295.0
villeneuve-sur-bellot,1142.0
saint-laurent-de-chamousset,1940.0
chabreloche,1239.0
les belleville,3611.0
allonne,1601.0
allonne,683.0
thorigny-sur-marne,10266.0
emmerin,3195.0
la turballe,4523.0
lanester,23219.0
saint-thurien,1046.0
bessan,5141.0
thiberville,1815.0
ry,720.0
luri,844.0
champsecret,914.0
chorges,3053.0
perrignier,1882.0
plaudren,1979.0
altkirch,5870.0
saint-amand-en-puisaye,1284.0
saint-rambert-en-bugey,2302.0
faches-thumesnil,17955.0
arcachon,11528.0
warluis,1189.0
moustoir-ac,1844.0
hudimesnil,916.0
vendeuvre-sur-barse,2355.0
arsac-en-velay,1237.0
ax-les-thermes,1332.0
saint-calais,3431.0
falleron,1613.0
anlezy,251.0
varennes-sur-allier,3633.0
goussainville,1310.0
goussainville,30787.0
inchy-en-artois,633.0
jayat,1194.0
valleiry,4757.0
calan,1229.0
rodilhan,3075.0
beaufay,1506.0
aulnoye-aymeries,9049.0
docelles,897.0
gourbeyre,7979.0
batz-sur-mer,2981.0
baulay,303.0
saint-fons,18859.0
neufchef,2633.0
meyenheim,1489.0
thann,7921.0
gironcourt-sur-vraine,945.0
vaires-sur-marne,13467.0
saint-pierre-de-belleville,175.0
la cambe,571.0
saultain,2414.0
le neubourg,4375.0
rabastens-de-bigorre,1479.0
saint-julien-de-cassagnas,713.0
le montsaugeonnais,1291.0
champs-sur-tarentaine-marchal,1092.0
ayguetinte,164.0
marzan,2334.0
lantriac,1982.0
tercis-les-bains,1241.0
tence,3143.0
le beausset,9907.0
chasselay,414.0
chasselay,2849.0
jort,300.0
sautron,8350.0
osny,17135.0
pantin,57668.0
thurins,3112.0
nersac,2469.0
saint-hostien,773.0
rancon,505.0
fleury,141.0
fleury,3888.0
fleury,1059.0
fleury,1250.0
fleury,563.0
fleury,123.0
fleury,226.0
port,869.0
saint-privat-la-montagne,1857.0
rouans,2993.0
villamblard,905.0
neuilly-en-thelle,3697.0
hasparren,7152.0
doullens,6412.0
barfleur,580.0
barcelonne-du-gers,1410.0
arnay-le-duc,1464.0
apinac,424.0
plaissan,1212.0
confolens,2825.0
plouharnel,2208.0
saint-privat-des-vieux,5309.0
villepinte,1327.0
villepinte,36934.0
cancale,5211.0
lemud,504.0
villemeux-sur-eure,1668.0
sombernon,938.0
semur-en-auxois,4492.0
longueville,288.0
longueville,373.0
longueville,619.0
longueville,140.0
longueville,1821.0
hombourg-haut,6499.0
limont-fontaine,569.0
mignaloux-beauvoir,4751.0
mailly-raineval,305.0
billom,4825.0
aubigny-les clouzeaux,6671.0
arcey,54.0
arcey,1489.0
phalempin,4769.0
levet,1426.0
hamelincourt,260.0
le pradet,10415.0
richwiller,3750.0
zuydcoote,1736.0
blausasc,1602.0
lezoux,6225.0
vallauris,26834.0
muizon,2225.0
salvagnac,1192.0
petit-mars,3653.0
sainte-luce,43.0
sainte-luce,10037.0
giron,187.0
marines,3543.0
plateau d'hauteville,5031.0
lanmeur,2290.0
luttange,900.0
triaize,1025.0
plumergat,4205.0
massiac,1818.0
montereau-fault-yonne,20400.0
salbris,5268.0
nizas,158.0
nizas,685.0
seiches-sur-le-loir,3020.0
azincourt,311.0
sergy,2124.0
sergy,154.0
ansouis,1070.0
neuville-en-ferrain,10350.0
la ronde,1082.0
prugnanes,104.0
baisieux,4813.0
peyrieu,888.0
riotord,1191.0
chailland,1205.0
pujols,544.0
pujols,3770.0
bressols,3801.0
cheveuges,437.0
sainte-marie-aux-mines,5220.0
provins,12125.0
bournoncle-saint-pierre,1013.0
mauriac,3844.0
mauriac,249.0
boulange,2519.0
manziat,2012.0
couches,1381.0
saint-jean-de-nay,360.0
ibos,3032.0
croix-moligneaux,283.0
arques,257.0
arques,137.0
arques,9882.0
faleyras,430.0
salles-sur-mer,2211.0
val-de-dagne,750.0
origny-le-sec,617.0
crachier,523.0
norrent-fontes,1421.0
plourivo,2329.0
domgermain,1198.0
langrolay-sur-rance,949.0
samadet,1174.0
le grand-village-plage,1065.0
thourotte,4632.0
bormes-les-mimosas,8218.0
ingrandes,322.0
ingrandes,1787.0
saint-mandrier-sur-mer,5931.0
panazol,11180.0
vacheresse,872.0
ducos,17657.0
lassay-sur-croisne,258.0
valdahon,5692.0
burey,405.0
saint-broladre,1154.0
triel-sur-seine,12108.0
yvignac-la-tour,1185.0
nesle,2369.0
le gosier,27096.0
seichamps,5013.0
sains-en-gohelle,6183.0
villegenon,225.0
la tour-en-maurienne,1104.0
orbigny,747.0
meschers-sur-gironde,3174.0
arnaud-guilhem,234.0
fontainebleau,15323.0
airaines,2410.0
lacanche,571.0
pomerol,620.0
ratenelle,395.0
moncontour,876.0
moncontour,1006.0
bennecourt,1919.0
montfermeil,26889.0
grignols,682.0
grignols,1215.0
val-revermont,2654.0
soucieu-en-jarrest,4598.0
liancourt,6941.0
vendargues,6315.0
bailly-romainvilliers,7582.0
beuvrigny,138.0
chantenay-saint-imbert,1192.0
escragnolles,614.0
auby,7315.0
crouy,2952.0
malansac,2245.0
notre-dame-de-bondeville,7119.0
blanzy,6286.0
basse-pointe,3071.0
souppes-sur-loing,5498.0
marolles,790.0
marolles,743.0
marolles,912.0
marolles,694.0
montmeyran,3011.0
damprichard,1942.0
grez-sur-loing,1451.0
buxy,2221.0
gouzon,1600.0
tour-en-sologne,1133.0
brionne,4430.0
vauvert,11742.0
damvix,763.0
arleux,3244.0
saint-beauzire,420.0
saint-beauzire,2211.0
crisolles,955.0
pardies,871.0
mareuil-le-port,1184.0
landouzy-la-cour,187.0
divonne-les-bains,9878.0
vaiges,1180.0
maroilles,1426.0
noues de sienne,4523.0
belle-isle-en-terre,1050.0
lailly-en-val,3157.0
nouan-le-fuzelier,2367.0
monchy-au-bois,576.0
ouville,460.0
wadelincourt,478.0
flumet,839.0
luriecq,1328.0
charron,2012.0
charron,242.0
saint-loup-du-dorat,366.0
sathonay-camp,5993.0
bourcefranc-le-chapus,3573.0
geishouse,451.0
la chapelle-sur-erdre,20044.0
issus,605.0
oucques la nouvelle,1751.0
val d'oust,2780.0
montoir-de-bretagne,7166.0
biguglia,8050.0
vrigny,847.0
vrigny,232.0
roquefort,301.0
roquefort,1941.0
roquefort,1921.0
leers,9552.0
friville-escarbotin,4672.0
marcoussis,8300.0
joyeuse,1750.0
pierres,2839.0
pers-jussy,3142.0
saint-aubin-des-ormeaux,1351.0
miremont,2526.0
miremont,307.0
varennes-sur-seine,3532.0
annouville-vilmesnil,484.0
froncles,1545.0
meisenthal,716.0
teting-sur-nied,1340.0
coulaines,7548.0
saint-mamert-du-gard,1655.0
celles-sur-plaine,837.0
viriville,1652.0
mouzillon,2882.0
mittelschaeffolsheim,584.0
doucier,328.0
neufgrange,1420.0
launac,1416.0
drouges,533.0
la neuville-à-maire,127.0
baume-les-dames,5226.0
dannemarie,113.0
dannemarie,2284.0
dannemarie,199.0
fitou,1072.0
pont-de-veyle,1690.0
yffiniac,5117.0
piolenc,5357.0
pinet,1782.0
gray,5916.0
sainte-magnance,484.0
portiragnes,3194.0
hombourg-budange,566.0
charvieu-chavagneux,9740.0
les houches,3020.0
jonchery-sur-vesle,1910.0
morsbronn-les-bains,701.0
caumont-sur-durance,4984.0
ploumilliau,2534.0
saint-sauveur-des-landes,1537.0
saint-savinien,2539.0
le cheylas,2608.0
potigny,2092.0
toulon-sur-arroux,1624.0
andeville,3272.0
giverville,405.0
bignan,2852.0
noyers-pont-maugis,698.0
la clusaz,1789.0
guipry-messac,7110.0
auxon,1015.0
auxon,438.0
vaucouleurs,1966.0
chavagne,4093.0
athis-val de rouvre,4343.0
tomblaine,9164.0
sisco,1178.0
castillon-la-bataille,3202.0
montbonnot-saint-martin,5692.0
puyloubier,1895.0
mercey-le-grand,558.0
ugine,7332.0
bordeaux-saint-clair,680.0
le croisic,4147.0
saint-lumine-de-clisson,2148.0
cany-barville,3105.0
sainte-pazanne,6901.0
marcoing,1913.0
saint-georges-sur-eure,2870.0
le pouliguen,4376.0
andancette,1375.0
losne,1642.0
fourchambault,4287.0
loudun,7091.0
achicourt,7903.0
chavanod,2810.0
veauche,9088.0
gauciel,868.0
donnery,2893.0
neuvecelle,3140.0
baralle,491.0
raimbeaucourt,4058.0
beaumes-de-venise,2436.0
cheffes,986.0
artenay,1917.0
breteil,3660.0
roujan,2186.0
sarceaux,1084.0
nestier,158.0
saint-molf,2679.0
marin,1840.0
le merzer,986.0
lisle-sur-tarn,4778.0
soullans,4312.0
saint-aubin,296.0
saint-aubin,596.0
saint-aubin,231.0
saint-aubin,184.0
saint-aubin,1843.0
saint-aubin,516.0
saint-aubin,424.0
saint-aubin,371.0
saint-aubin,270.0
saint-aubin,724.0
onesse-laharie,1028.0
terranjou,4050.0
airvault,3328.0
arzens,1256.0
illfurth,2513.0
saint-folquin,2287.0
gouex,499.0
aulnay-sur-marne,265.0
saugues,1863.0
saint-gervais-en-belin,2120.0
sarreguemines,21232.0
plouarzel,3785.0
bazet,1763.0
roche,2136.0
roche,258.0
cergy,65647.0
saint-baldoph,2902.0
delme,1133.0
rupt-sur-moselle,3592.0
saint-trojan-les-bains,1285.0
pont-de-vaux,2303.0
servon-sur-vilaine,3761.0
amfreville-la-mi-voie,3302.0
aoste,2932.0
saint-mihiel,4187.0
notre-dame-de-commiers,524.0
combourg,6075.0
grasse,51342.0
saint-dionisy,1052.0
rosselange,2711.0
garrigues,181.0
garrigues,265.0
montbozon,656.0
villejuif,55047.0
bray-sur-seine,2261.0
saint-jean-de-maurienne,8146.0
annezin,5944.0
champs-sur-marne,25195.0
lans-en-vercors,2776.0
lacanau,4985.0
la hague,11998.0
jonchery,1049.0
beaumont-sur-sarthe,1986.0
robert-espagne,847.0
champdeuil,734.0
montchal,502.0
troisvilles,850.0
perthes,317.0
perthes,530.0
perthes,2019.0
quilly,82.0
quilly,1391.0
amou,1562.0
piriac-sur-mer,2296.0
formerie,2160.0
reuilly,537.0
reuilly,2064.0
la motte,2166.0
la motte,2896.0
gabarret,1541.0
wignehies,2934.0
knutange,3261.0
villerupt,9843.0
cazes-mondenard,1206.0
montrieux-en-sologne,665.0
saint-julien-de-civry,501.0
saint-denis-en-bugey,2336.0
cestas,17181.0
chamberet,1385.0
orainville,516.0
chamaret,557.0
soucy,98.0
soucy,1634.0
ruffec,3571.0
ruffec,597.0
bonnut,787.0
sornac,774.0
oermingen,1265.0
condat-sur-vienne,5229.0
sauveterre-de-comminges,642.0
barlin,7704.0
saint-branchs,2638.0
leudeville,1488.0
paillet,1238.0
goderville,2891.0
locoal-mendon,3481.0
gallardon,3727.0
orignolles,683.0
larmor-baden,906.0
les loges,134.0
les loges,143.0
les loges,1179.0
moussoulens,1048.0
saint-avit,201.0
saint-avit,314.0
saint-avit,693.0
saint-avit,172.0
saint-avit,239.0
saint-avit,268.0
tallende,1563.0
magalas,3400.0
hallennes-lez-haubourdin,4471.0
laval-pradel,1184.0
thiron-gardais,1006.0
la norville,4139.0
itteville,6646.0
montayral,2746.0
pontcharra,7514.0
frasnoy,382.0
fournels,375.0
pontivy,15544.0
esquerdes,1649.0
voisins-le-bretonneux,11426.0
rochechouart,3827.0
mercatel,704.0
macau,4249.0
dives-sur-mer,5732.0
la francheville,1730.0
azay-le-rideau,3589.0
saint-bonnet-de-mure,6879.0
cousances-les-forges,1720.0
valgelon-la rochette,4215.0
publier,7356.0
sassenage,11577.0
boulogne-billancourt,121249.0
la haye,4124.0
la haye,382.0
la haye,115.0
saint-nicolas-de-redon,3247.0
euville,1692.0
saint-mards-en-othe,650.0
apprieu,3401.0
sainte-marie,84.0
sainte-marie,109.0
sainte-marie,700.0
sainte-marie,437.0
sainte-marie,2313.0
sainte-marie,84.0
sainte-marie,65.0
sainte-marie,16082.0
sainte-marie,34230.0
valras-plage,4265.0
saint-pierre-du-regard,1441.0
barbaira,769.0
leffrinckoucke,4358.0
poisy,8481.0
sainte-croix-en-plaine,3043.0
robion,4603.0
senan,724.0
verneuil-en-halatte,4747.0
lagny-sur-marne,21601.0
nancray,1289.0
corneilhan,1747.0
moyaux,1392.0
lion-sur-mer,2500.0
peyrehorade,3870.0
chauny,12317.0
curchy,307.0
gignac,6303.0
gignac,679.0
gignac,72.0
rountzenheim-auenheim,1966.0
francescas,758.0
saint-just,950.0
saint-just,647.0
saint-just,138.0
saint-just,3298.0
saint-just,1091.0
saint-just,158.0
volmunster,814.0
champignelles,1036.0
brie-comte-robert,18133.0
aigues-vives,679.0
aigues-vives,591.0
aigues-vives,3385.0
aigues-vives,476.0
lusignan,2686.0
biache-saint-vaast,4115.0
coudekerque-branche,21428.0
pontavert,619.0
campagne,390.0
campagne,321.0
campagne,1026.0
campagne,165.0
smarves,2851.0
saint-maximin,764.0
saint-maximin,669.0
saint-maximin,3049.0
lamastre,2386.0
dompierre-sur-mer,5621.0
villaines-sous-bois,783.0
canet,1796.0
canet,3548.0
longny les villages,3059.0
sommepy-tahure,639.0
longmesnil,52.0
livry-gargan,44661.0
venarey-les-laumes,2921.0
caden,1669.0
villenauxe-la-grande,2752.0
meysse,1334.0
franvillers,520.0
cartignies,1263.0
santes,5778.0
val-de-scie,2579.0
coulombs,1371.0
roussillon,8586.0
roussillon,1336.0
janailhac,545.0
la chapelle-palluau,964.0
cachan,31542.0
choisy-en-brie,1367.0
morsang-sur-orge,21083.0
gries,2906.0
navarrenx,1065.0
les vans,2734.0
fougerolles-saint-valbert,3931.0
durmenach,857.0
ciboure,6430.0
ferques,1816.0
camors,3091.0
champagne-en-valromey,851.0
lavernose-lacasse,3127.0
saint-julien-de-concelles,7015.0
chelles,521.0
chelles,55195.0
elliant,3412.0
la chapelle-glain,820.0
prigonrieux,4235.0
lannilis,5706.0
brassac,642.0
brassac,1323.0
brassac,251.0
neuvic,1902.0
neuvic,3655.0
chabanais,1684.0
arques-la-bataille,2636.0
nontron,3160.0
villemur-sur-tarn,5993.0
monticello,1969.0
rethel,7895.0
senonches,3132.0
lourmarin,1099.0
le pont-de-beauvoisin,3771.0
le pont-de-beauvoisin,2106.0
la couture,2836.0
la couture,221.0
sampans,1177.0
andelnans,1221.0
cusset,13142.0
saint-christophe-du-ligneron,2596.0
noyelles-godault,6007.0
chevigny-saint-sauveur,11539.0
dargnies,1264.0
nieul-sur-mer,5903.0
doubs,3110.0
fenouillet,5219.0
fenouillet,90.0
yainville,1063.0
avesnes-les-aubert,3674.0
voreppe,9655.0
marvejols,4963.0
domart-en-ponthieu,1106.0
dombasle-sur-meurthe,9926.0
pamproux,1762.0
mareuil-sur-lay-dissais,2938.0
puget-sur-argens,8218.0
pomarez,1577.0
bluffy,403.0
morteau,7244.0
wattignies,14743.0
esternay,1902.0
saint-germain-du-puy,5199.0
poullan-sur-mer,1610.0
saint-gervasy,1926.0
moux-en-morvan,542.0
aramon,4311.0
coupvray,2892.0
saint-gervais,736.0
saint-gervais,1896.0
saint-gervais,558.0
saint-gervais,2706.0
saint-gervais,939.0
grenade,8946.0
leimbach,916.0
croisilles,653.0
croisilles,451.0
croisilles,211.0
croisilles,1955.0
sainte-jamme-sur-sarthe,2083.0
anglure,897.0
mayenne,13551.0
coubon,3331.0
baye,1183.0
baye,418.0
ambronay,2841.0
braine,2238.0
martres-tolosane,2425.0
colomars,3465.0
warhem,2075.0
boulon,687.0
poligny,303.0
poligny,66.0
poligny,4454.0
poligny,810.0
cavignac,2080.0
saint-martin-la-pallu,5642.0
courbevoie,82327.0
cherveux,1947.0
grainville-langannerie,708.0
pons,4431.0
meyssac,1328.0
la magdelaine-sur-tarn,1192.0
artix,144.0
artix,3488.0
sussargues,2806.0
saint-martin-en-bresse,1998.0
guise,4929.0
gamaches,2634.0
carbonne,5816.0
dourdan,10990.0
valprivas,520.0
vuillafans,770.0
grimaud,4601.0
voujeaucourt,3259.0
ydes,1729.0
stains,38823.0
saint-yzan-de-soudiac,2403.0
wizernes,3397.0
serquigny,2034.0
diou,1423.0
diou,261.0
correns,911.0
aureilhan,1092.0
aureilhan,7967.0
vic-fezensac,3558.0
sangatte,4946.0
saint-victor-en-marche,383.0
haillicourt,4923.0
lamarque,1321.0
saint-symphorien,135.0
saint-symphorien,489.0
saint-symphorien,1870.0
saint-symphorien,664.0
saint-symphorien,574.0
saint-symphorien,1975.0
vignacourt,2398.0
breilly,689.0
cheix-en-retz,1075.0
novillars,1542.0
bourg-de-visa,392.0
mieussy,2399.0
cazaubon,1663.0
saint-quentin-la-poterie,3117.0
mions,13661.0
perrecy-les-forges,1657.0
suippes,3960.0
pavilly,6364.0
ribeauville,63.0
lempdes,8832.0
courdemanche,609.0
courdemanche,618.0
caulnes,2640.0
augy,83.0
augy,1100.0
graveson,4944.0
le castellet,299.0
le castellet,3927.0
montsalvy,829.0
gouesnou,6246.0
gerzat,10453.0
rives de l'yon,4335.0
quarante,1793.0
pontoise,31434.0
renaison,3249.0
fontvieille,3682.0
vasselay,1474.0
saulieu,2518.0
vion,962.0
vion,1481.0
fontenay,89.0
fontenay,46.0
fontenay,1260.0
fontenay,489.0
machilly,1106.0
antagnac,234.0
obermorschwiller,422.0
leuville-sur-orge,4528.0
le haillan,11197.0
tavaux,4012.0
soisy-sous-montmorency,18341.0
toucy,2802.0
taradeau,1837.0
riquewihr,1096.0
sauzet,1897.0
sauzet,754.0
sauzet,520.0
le houlme,4079.0
la richardais,2375.0
mauron,3145.0
saint-salvy-de-la-balme,530.0
bazeilles,2612.0
monclar-de-quercy,2011.0
tende,2227.0
bouaye,7997.0
peyrelevade,861.0
phalsbourg,4986.0
villeneuve-en-perseigne,2238.0
athis-mons,34724.0
nivillac,4696.0
le portel,9343.0
beaurains,5729.0
rety,2112.0
nogent,3815.0
portets,2735.0
saron-sur-aube,310.0
saint-laurent-blangy,6670.0
verny,2040.0
villiers-saint-georges,1252.0
pont-sur-yonne,3395.0
courbouzon,604.0
courbouzon,445.0
saint-briac-sur-mer,2132.0
cierp-gaud,746.0
deneuvre,537.0
mamirolle,1793.0
essert-romand,519.0
fessenheim,2401.0
lucciana,5829.0
estevelles,2055.0
villespy,380.0
mouthe,1133.0
tavel,2014.0
pierreval,564.0
nogent-le-rotrou,10156.0
mouleydier,1150.0
padoux,521.0
vauvillers,675.0
vauvillers,251.0
guyans-vennes,854.0
savigny-en-revermont,1173.0
oletta,1709.0
sully-sur-loire,5439.0
benet,4086.0
ruelle-sur-touvre,7406.0
hochfelden,4025.0
andornay,208.0
saint-marcel,1304.0
saint-marcel,365.0
saint-marcel,4629.0
saint-marcel,1604.0
saint-marcel,154.0
saint-marcel,1121.0
saint-marcel,94.0
saint-marcel,6222.0
saint-marcel,615.0
castelsarrasin,14267.0
saint-fiel,1061.0
aurec-sur-loire,6194.0
albert,10102.0
vermenton,1316.0
auch,23067.0
barcelonne,359.0
jaujac,1250.0
louzy,1381.0
bourbriac,2321.0
margencel,2222.0
roquefort-les-pins,6942.0
cheny,2534.0
richerenches,701.0
beaurepaire,5003.0
beaurepaire,68.0
beaurepaire,510.0
beaurepaire,2449.0
le doulieu,1500.0
la saucelle,197.0
berd'huis,1142.0
bagneux,70.0
bagneux,331.0
bagneux,176.0
bagneux,456.0
bagneux,165.0
bagneux,41111.0
pringy,425.0
pringy,2943.0
castets et castillon,1470.0
maignelay-montigny,2731.0
burlats,2182.0
saint-sauveur-en-rue,1117.0
saint-jeoire,3397.0
marville,517.0
montcaret,1475.0
rely,456.0
eyjeaux,1349.0
sailly-lez-lannoy,1885.0
chaulnes,2113.0
vue,1664.0
ivry-la-bataille,2753.0
soubise,3027.0
taintrux,1585.0
lamarche,917.0
violaines,3697.0
auray,14016.0
riedisheim,12998.0
amilly,1889.0
amilly,13577.0
francheville,289.0
francheville,56.0
francheville,211.0
francheville,283.0
francheville,154.0
francheville,14464.0
mouy,5363.0
rosheim,5258.0
saint antoine l'abbaye,1185.0
charly-sur-marne,2659.0
le breuil-sur-couze,1139.0
sergeac,219.0
puyvert,831.0
liesle,547.0
roubaix,97492.0
eaubonne,25430.0
wiesviller,989.0
garches,18284.0
florimont,452.0
kilstett,2542.0
damigny,2633.0
saint-romain-le-puy,4058.0
urcuit,2554.0
quinssaines,1512.0
dampierre-les-bois,1662.0
palavas-les-flots,6020.0
amfreville,1419.0
le plessis-grammoire,2438.0
gretz-armainvilliers,8719.0
saint-martin-du-tertre,1612.0
saint-martin-du-tertre,2791.0
plougastel-daoulas,13698.0
baudrecourt,92.0
baudrecourt,187.0
marles-les-mines,5608.0
herrlisheim,4912.0
bubry,2411.0
cessenon-sur-orb,2325.0
le plessis-robinson,29249.0
nozay,153.0
nozay,4195.0
nozay,4715.0
vernou-sur-brenne,2748.0
dieuze,3137.0
maisons-alfort,55988.0
dun-le-palestel,1137.0
vicq,337.0
vicq,157.0
vicq,1508.0
vicq,401.0
castries,6280.0
toulenne,2668.0
mortain-bocage,3208.0
estissac,1874.0
taurignan-vieux,214.0
valensole,3263.0
tencin,2119.0
plabennec,8596.0
moissy-cramayel,17839.0
la montagne,6379.0
la montagne,37.0
houilles,32480.0
carnin,1026.0
crusnes,1591.0
bezouce,2331.0
villebernier,1524.0
cesseras,411.0
meudon,46009.0
remilly-sur-tille,892.0
isle,7842.0
prinquiau,3524.0
bretignolles-sur-mer,4750.0
heillecourt,5611.0
clamecy,230.0
clamecy,3920.0
la penne-sur-huveaune,6495.0
vinay,4324.0
vinay,594.0
saint-benin-des-bois,175.0
ballon-saint mars,2262.0
laussonne,1029.0
ventron,852.0
neuvy,1819.0
neuvy,323.0
neuvy,262.0
luzy,2026.0
hauteluce,777.0
pommeret,2109.0
malijai,2005.0
montlouis-sur-loire,10817.0
licques,1650.0
pouldergat,1236.0
labastidette,2596.0
villebret,1352.0
sommevoire,712.0
saint-usuge,1364.0
cers,2607.0
sauvagnon,3409.0
amblans-et-velotte,401.0
wintershouse,906.0
montreuil-bellay,4071.0
laives,1057.0
montaut,734.0
montaut,132.0
montaut,510.0
montaut,124.0
montaut,639.0
montaut,254.0
montaut,1156.0
lys-haut-layon,8066.0
treize-septiers,3290.0
sinceny,2082.0
grammond,927.0
pexiora,1244.0
calenzana,2372.0
roquebrune-cap-martin,12826.0
loison-sous-lens,5457.0
roncq,13501.0
condom,6735.0
hersin-coupigny,6287.0
faverges-seythenex,7856.0
vieux-berquin,2547.0
saint-lary-soulan,860.0
samer,4639.0
sauvigny-le-bois,733.0
lacropte,664.0
saint-georges-haute-ville,1465.0
vaulx-vraucourt,1027.0
merdrignac,3165.0
vosnon,235.0
izon,5875.0
cugnaux,18197.0
gannay-sur-loire,413.0
ambon,1863.0
saint-fulgent,3923.0
huisseau-sur-cosson,2338.0
saint-manvieu-norrey,2040.0
montmartin-sur-mer,1382.0
mars-sur-allier,310.0
la chaize-giraud,1082.0
la madeleine-de-nonancourt,1169.0
essoyes,724.0
le thuit de l'oison,3670.0
fresselines,511.0
yenne,3012.0
raves,475.0
clarac,641.0
clarac,185.0
thierville-sur-meuse,3215.0
saint-sulpice-de-royan,3264.0
nandy,6107.0
lezay,2026.0
feigneux,441.0
sainte-gemme-la-plaine,2257.0
menucourt,5824.0
sorbiers,37.0
sorbiers,8103.0
dachstein,1823.0
lalanne-trie,116.0
penmarch,5361.0
gonfaron,4380.0
coudoux,3816.0
la tronche,6737.0
colombey-les-belles,1480.0
bourgneuf,1298.0
bourgneuf,692.0
chepy,442.0
pezou,1138.0
sainte-anne,42.0
sainte-anne,118.0
sainte-anne,473.0
sainte-anne,23951.0
sainte-anne,4356.0
lourdes,13692.0
marguerittes,8744.0
valence-en-poitou,4591.0
barberaz,4843.0
prades,1244.0
prades,33.0
prades,66.0
prades,6465.0
prades,134.0
la chapelle-saint-fray,448.0
vicq-sur-breuilh,1349.0
spay,2938.0
artas,1847.0
mauzac,1304.0
seingbouse,1865.0
muille-villette,843.0
saignes,850.0
saignes,79.0
saint-jean-de-liversay,2932.0
camaret-sur-aigues,4655.0
aubeterre-sur-dronne,387.0
spechbach,1378.0
campagnac,456.0
campagnac,154.0
corte,7563.0
jouy-le-moutier,16157.0
villard-sallet,295.0
morbecque,2581.0
andernos-les-bains,11897.0
zudausques,960.0
guiche,1001.0
grosville,808.0
saint-uze,2068.0
sarre-union,2867.0
ciry-salsogne,939.0
aumetz,2350.0
chavanay,2935.0
molac,1597.0
hayange,15972.0
saint-germain-en-laye,46570.0
saint-gilles-croix-de-vie,7879.0
rougemontiers,1067.0
moosch,1700.0
saint-symphorien-de-marmagne,857.0
sancey,1359.0
eydoche,546.0
kirrwiller,545.0
douvaine,6019.0
langeac,3742.0
barcelonnette,2800.0
gargas,694.0
gargas,3087.0
gignac-la-nerthe,9409.0
gouzeaucourt,1539.0
vittel,5216.0
steenbecque,1720.0
sainte-anne-sur-vilaine,1032.0
loos,22488.0
villeparisis,26429.0
muespach,912.0
charleval,2736.0
charleval,1810.0
chabottes,848.0
sornay,343.0
sornay,2074.0
saint-nicolas-de-la-taille,1590.0
erstein,10754.0
pouilly-en-auxois,1601.0
ardelles,203.0
lanvollon,1808.0
coursan,6001.0
maisse,2751.0
rouillac,3026.0
rouillac,397.0
limonest,3765.0
berlaimont,3166.0
saint-martin-de-fontenay,2579.0
brignoles,17532.0
oullins,26565.0
clapiers,5579.0
tubersent,541.0
la salvetat-sur-agout,1162.0
val-d'arc,2041.0
mesmont,96.0
mesmont,249.0
saint-aulaire,802.0
esmery-hallon,804.0
mont-saint-martin,76.0
mont-saint-martin,83.0
mont-saint-martin,83.0
mont-saint-martin,8917.0
saint-berthevin,7585.0
la roche-vineuse,1598.0
maraussan,4496.0
durrenbach,1097.0
valsonne,964.0
buysscheure,592.0
callac,2247.0
creissan,1386.0
ria-sirach,1355.0
saint-pierre-du-mont,81.0
saint-pierre-du-mont,9924.0
saint-pierre-du-mont,194.0
ville-la-grand,8919.0
cadours,1104.0
torcy-le-petit,86.0
torcy-le-petit,493.0
le mont-saint-adrien,674.0
soorts-hossegor,3670.0
la baume-de-transit,897.0
bischwiller,12663.0
montfort-sur-meu,6823.0
allogny,1039.0
vallenay,753.0
saint-nabord,4297.0
simiane-collongue,5687.0
graulhet,12856.0
saintes,26813.0
le montat,1154.0
saint-martin-de-bavel,443.0
coulobres,364.0
valbonne,13850.0
cheffois,994.0
chaponost,8888.0
issoudun,12199.0
salindres,3535.0
ambillou,1815.0
couzeix,9426.0
bellegarde-en-forez,2040.0
sainte-radegonde,1820.0
sainte-radegonde,591.0
sainte-radegonde,63.0
sainte-radegonde,186.0
sainte-radegonde,466.0
sainte-radegonde,156.0
brens,1193.0
brens,2368.0
damparis,2774.0
la tranche-sur-mer,2969.0
caluire-et-cuire,43816.0
villelongue-de-la-salanque,3289.0
montblanc,2899.0
muzillac,5139.0
richebourg,279.0
richebourg,2678.0
richebourg,1477.0
bailleul,15039.0
bailleul,625.0
bailleul,269.0
caissargues,4105.0
plouay,5797.0
houppeville,2830.0
juvisy-sur-orge,16795.0
naucelles,2080.0
villenoy,4935.0
chamoux-sur-gelon,958.0
vignes,462.0
arnas,3856.0
revin,6379.0
grenay,1626.0
grenay,6972.0
buhl-lorraine,1245.0
coise,791.0
saint-genis-de-saintonge,1295.0
clary,1108.0
lumbres,3701.0
bellegarde,7210.0
bellegarde,190.0
bellegarde,1703.0
genilac,3971.0
jouarre,4379.0
wolfgantzen,1069.0
loudes,942.0
redessan,4172.0
la broque,2750.0
caillac,620.0
abzac,485.0
abzac,1963.0
frontignan,22946.0
montguyon,1599.0
les cluses,245.0
bermerain,734.0
catillon-fumechon,541.0
grandparigny,2770.0
romagne,476.0
romagne,979.0
la neuville-aux-larris,172.0
jouhet,534.0
bousbecque,4877.0
ifs,11962.0
burnhaupt-le-haut,1847.0
la fresnais,2594.0
stiring-wendel,11742.0
thyez,6346.0
domont,15718.0
pont-de-salars,1695.0
montsoult,3516.0
gondrin,1226.0
eppeville,1834.0
le cheylard,3108.0
sausheim,5622.0
vitry-en-artois,4726.0
huningue,7326.0
villiers-le-morhier,1367.0
thevet-saint-julien,397.0
jarnages,463.0
lay-saint-christophe,2509.0
lembras,1178.0
aizenay,9665.0
sainte-gauburge-sainte-colombe,1102.0
allassac,4006.0
amettes,476.0
saint-seurin-de-cursac,791.0
la courneuve,43203.0
le cayrol,263.0
lavaur,72.0
lavaur,11229.0
drusenheim,5196.0
rougemont,157.0
rougemont,1156.0
chenevelles,476.0
vindry-sur-turdine,5226.0
bracieux,1324.0
miramas,26827.0
mainvilliers,11462.0
aillevillers-et-lyaumont,1661.0
seur,496.0
la ricamarie,7955.0
beaulon,1675.0
saint-martin-sur-cojeul,214.0
le chambon-feugerolles,12408.0
saint-michel-de-rieufret,793.0
domancy,2186.0
doumy,312.0
le passage,835.0
le passage,9732.0
marckolsheim,4215.0
san-giuliano,732.0
rozay-en-brie,2862.0
montgru-saint-hilaire,33.0
mareuil-sur-arnon,542.0
soultz-haut-rhin,7204.0
montaigut-le-blanc,415.0
montaigut-le-blanc,878.0
fouesnant,9887.0
proville,3238.0
montricoux,1218.0
longeau-percey,762.0
montbard,5282.0
landrecies,3590.0
gueugnon,7196.0
talant,11924.0
saint-pierre-de-chandieu,4578.0
bas-en-basset,4432.0
selles,471.0
selles,406.0
selles,336.0
selles,211.0
avelin,2724.0
sallanches,16603.0
bretteville-sur-laize,1901.0
viry-noureuil,1743.0
redon,9810.0
irigny,8740.0
la gacilly,4055.0
montesson,15289.0
montaudin,923.0
picauville,3317.0
fontcouverte-la-toussuire,524.0
beauchamp,8775.0
martel,1647.0
pont-à-mousson,14446.0
is-sur-tille,4458.0
genay,384.0
genay,5574.0
saint-genis-laval,21695.0
arros-de-nay,805.0
sundhoffen,1995.0
chef-haut,48.0
rion-des-landes,3029.0
plescop,6022.0
montigny-sur-aube,268.0
vasles,1686.0
bapaume,4202.0
chilleurs-aux-bois,2025.0
mervans,1518.0
saint-bonnet-de-joux,778.0
parempuyre,8789.0
les ulis,25361.0
fleury-sur-orne,4985.0
wittelsheim,10517.0
froissy,899.0
benfeld,5849.0
igney,130.0
igney,1193.0
chaumontel,3316.0
meung-sur-loire,6533.0
la sauve,1553.0
vif,8656.0
avesnes-sur-helpe,4642.0
gouy-sous-bellonne,1387.0
sainte-marie-de-gosse,1209.0
bouin-plumoison,503.0
hon-hergies,868.0
boujan-sur-libron,3433.0
bresles,4191.0
rainneville,1004.0
saint-arnoult-en-yvelines,6139.0
chauvigny,7164.0
guerting,874.0
douarnenez,14265.0
chanu,1274.0
la chapelle-sous-orbais,56.0
galgon,3065.0
vireux-wallerand,2019.0
saint-michel-de-maurienne,2731.0
donnemarie-dontilly,2880.0
vieille-brioude,1233.0
valognes,7070.0
pornichet,10962.0
simorre,727.0
pibrac,8712.0
vayres-sur-essonne,996.0
thaon,1602.0
toufflers,3924.0
peyssies,576.0
limay,16932.0
ouistreham,9229.0
rouy,621.0
jarnac,4536.0
villiers-le-sec,722.0
villiers-le-sec,49.0
villiers-le-sec,188.0
mirebeau,2251.0
mozac,3942.0
montgesoye,474.0
dagneux,4772.0
aspach-le-bas,1349.0
le bernard,1233.0
dun-sur-auron,3921.0
torpes,1036.0
torpes,376.0
sillans,1955.0
port-sainte-foy-et-ponchapt,2544.0
flize,1775.0
illkirch-graffenstaden,27446.0
jarville-la-malgrange,9523.0
plouhinec,4093.0
plouhinec,5479.0
bartenheim,3889.0
ronchin,19349.0
amanvillers,2184.0
longchamp,1289.0
longchamp,71.0
longchamp,467.0
villerville,641.0
vallet,9185.0
gerstheim,3472.0
la haye-pesnel,1356.0
praz-sur-arly,1264.0
yutz,16791.0
bauzy,282.0
fameck,14056.0
mimet,4560.0
linselles,8469.0
bootzheim,734.0
jumilhac-le-grand,1289.0
sault,1404.0
saint-denis-des-monts,213.0
felletin,1806.0
saint-hilaire-du-rosier,1916.0
canly,801.0
alixan,2584.0
fontcouverte,556.0
fontcouverte,2409.0
bois-le-roi,1203.0
bois-le-roi,6025.0
rang,423.0
ouillon,565.0
narcy,252.0
narcy,517.0
saint-jeannet,55.0
saint-jeannet,4234.0
saint-jorioz,5927.0
taverny,26630.0
saint-vincent,200.0
saint-vincent,1032.0
saint-vincent,421.0
saint-vincent,408.0
yzernay,1871.0
bellevigne,1354.0
verneuil-sur-seine,15982.0
dol-de-bretagne,5958.0
jeumont,10285.0
malakoff,30932.0
venizel,1395.0
lambersart,28051.0
gond-pontouvre,6124.0
saint-sulpice-les-champs,361.0
saint-priest-sous-aixe,1766.0
domblain,82.0
mennecy,14651.0
cassis,7250.0
vautorte,604.0
montbazin,3012.0
rognac,12330.0
ozillac,640.0
saclas,1830.0
bricon,463.0
roiffieux,2870.0
sain-bel,2340.0
neuilly-saint-front,2112.0
tourrettes,2935.0
alba-la-romaine,1479.0
verdilly,477.0
merlines,738.0
aniche,10348.0
clohars-fouesnant,2106.0
baugy,1750.0
baugy,246.0
baugy,520.0
talencieux,1098.0
ventiseri,2527.0
diebling,1682.0
lamotte-beuvron,4788.0
la chapelle-launay,3094.0
illiers-combray,3385.0
tessy-bocage,2407.0
saint-germain-laprade,3716.0
saint-pierre-la-noaille,391.0
celles-sur-durolle,1761.0
taninges,3517.0
grans,5200.0
lillebonne,9046.0
gilley,1693.0
gilley,70.0
marigny-chemereau,613.0
champignol-lez-mondeville,283.0
damery,1464.0
damery,240.0
le thoronet,2499.0
deauville,3665.0
lalande-en-son,678.0
gallargues-le-montueux,3783.0
saint-paul-de-fourques,303.0
saint-lunaire,2439.0
la forge,540.0
villaines-la-juhel,2851.0
mirecourt,5728.0
bellignat,3859.0
villeneuve-de-marc,1165.0
maclas,1856.0
monts-sur-guesnes,900.0
fumay,3541.0
saint-hippolyte-du-fort,4043.0
percy-en-normandie,2688.0
bouillante,7135.0
morigny-champigny,4452.0
afa,3198.0
sigean,5571.0
lieusaint,431.0
lieusaint,13366.0
flaviac,1240.0
ham-en-artois,1005.0
moussy,774.0
moussy,106.0
moussy,132.0
auchy-les-mines,4765.0
malville,3515.0
assevent,1843.0
puteaux,44905.0
saint-genest-lerpt,6201.0
donzenac,2715.0
selles-sur-cher,4631.0
port-en-bessin-huppain,1962.0
wasquehal,20705.0
sainte-soulle,4623.0
vesseaux,1984.0
brignais,11610.0
vorey,1462.0
nay,72.0
nay,3524.0
authieule,415.0
esse,505.0
laxou,14658.0
val-de-meuse,1915.0
pianottoli-caldarello,919.0
les bordes,915.0
les bordes,1935.0
les bordes,88.0
les bordes,559.0
coteaux du lizon,2468.0
ychoux,2322.0
tullins,7801.0
orval sur sienne,1190.0
cairon,2033.0
larmor-plage,8539.0
hambers,623.0
sainte-colombe-sur-seine,958.0
frontenaud,742.0
gouaix,1513.0
labergement-sainte-marie,1231.0
fouquereuil,1582.0
isigny-le-buat,3402.0
fleury-les-aubrais,21305.0
saint-christo-en-jarez,1919.0
rozier-en-donzy,1482.0
sail-sous-couzan,948.0
brou,3440.0
crouttes,317.0
mantes-la-ville,20592.0
conlie,1933.0
izernore,2309.0
domarin,1697.0
pont-en-royans,807.0
sillery,1761.0
apremont,387.0
apremont,120.0
apremont,676.0
apremont,474.0
apremont,1034.0
apremont,1832.0
saint-avit-saint-nazaire,1491.0
pont-de-roide-vermondans,4260.0
marcenat,409.0
marcenat,522.0
morre,1440.0
forges-les-bains,3926.0
saint-julien-de-coppel,1301.0
ormesson-sur-marne,10406.0
rixheim,14114.0
mas-saintes-puelles,944.0
herbignac,6946.0
saint-remy,531.0
sainte-menehould,4234.0
boulbon,1525.0
fraize,2918.0
laluque,1039.0
muron,1361.0
vernon,239.0
vernon,24530.0
vernon,724.0
corbie,6363.0
cassel,2390.0
ozan,692.0
trouy,4075.0
saint-jean-du-pin,1550.0
leudon-en-brie,171.0
saint-pierre-en-auge,7986.0
villiers-le-bel,27808.0
saint-haon-le-vieux,984.0
merville,5710.0
merville,9811.0
lussant,1016.0
belloy-en-france,2197.0
tournehem-sur-la-hem,1453.0
lannemezan,5996.0
loperhet,3842.0
montbrun-les-bains,450.0
pont-saint-pierre,1173.0
montigny-en-ostrevent,4838.0
noisiel,15333.0
rochegude,1624.0
rochegude,255.0
saulces-monclin,821.0
wallers,5565.0
aubepierre-ozouer-le-repos,927.0
lambres-lez-douai,5226.0
mourenx,6660.0
lamalou-les-bains,2528.0
la chaize-le-vicomte,3828.0
cadalen,1561.0
fondettes,10799.0
pouru-saint-remy,1188.0
arzano,1420.0
morbier,2399.0
maulette,978.0
moissac-bellevue,298.0
bonnes,415.0
bonnes,1750.0
aussonne,7057.0
ceyrat,6550.0
saint-cloud,30582.0
saint-astier,5590.0
saint-astier,227.0
mallemort,6132.0
laroque-timbaut,1762.0
saint-laurent-des-arbres,3108.0
roaix,653.0
lorette,4732.0
rioz,2360.0
saint-nizier-sous-charlieu,1747.0
vix,112.0
vix,1808.0
naves,121.0
naves,2550.0
naves,645.0
neaux,492.0
beaumont-hamel,215.0
carbon-blanc,8172.0
les ormes,1653.0
les ormes,348.0
villebon-sur-yvette,10657.0
gardes-le-pontaroux,282.0
bambecque,780.0
buxerolles,36.0
buxerolles,10165.0
sains-du-nord,2918.0
maurepas,18543.0
maurepas,197.0
noyal-sur-brutz,603.0
clion,825.0
clion,1044.0
ramatuelle,2116.0
gardanne,21143.0
la ville-du-bois,7815.0
saint-symphorien-sur-coise,3776.0
henrichemont,1781.0
loire-authion,16294.0
roscoff,3488.0
rivedoux-plage,2325.0
laigneville,4772.0
niederbronn-les-bains,4488.0
aiserey,1413.0
noisseville,1042.0
saint-viaud,2552.0
calonne-ricouart,5487.0
estivareilles,1119.0
estivareilles,698.0
job,1046.0
fabrezan,1308.0
vigneux-de-bretagne,6157.0
dinan,14741.0
caves,888.0
portet-sur-garonne,9841.0
marcelcave,1256.0
offemont,4204.0
grilly,853.0
roulans,1151.0
terres-de-caux,4252.0
saint-paul-et-valmalle,1144.0
gizaucourt,118.0
vaivre-et-montoille,2477.0
varennes-le-grand,2346.0
sainghin-en-weppes,5637.0
saint-denis-lanneray,2298.0
savy-berlette,1099.0
fareins,2246.0
wormhout,5718.0
la balme-de-sillingy,5199.0
espiet,791.0
salmiech,797.0
meurchin,3810.0
la frette,1117.0
la frette,245.0
gan,5615.0
turckheim,3855.0
brunstatt-didenheim,8220.0
mouroux,5549.0
weyersheim,3392.0
quissac,3251.0
quissac,115.0
saint-yvi,3223.0
chanaz,523.0
groisy,3769.0
saint-didier-en-velay,3454.0
cauchy-à-la-tour,2829.0
vercel-villedieu-le-camp,1674.0
villers,596.0
villers,216.0
saint-pierre-de-chignac,888.0
monsempron-libos,2120.0
rieupeyroux,2045.0
mondevert,840.0
montpeyroux,552.0
montpeyroux,449.0
montpeyroux,1365.0
montpeyroux,350.0
mison,1161.0
wihr-au-val,1304.0
pont-croix,1610.0
montmorency,21732.0
morestel,4568.0
ruffey-sur-seille,749.0
le val,274.0
le val,4391.0
sin-le-noble,15799.0
chaussin,1654.0
sillars,625.0
demi-quartier,942.0
givry,278.0
givry,3860.0
givry,182.0
bassan,2144.0
sancoins,3124.0
courset,706.0
boulazac isle manoire,10932.0
cornimont,3270.0
wintzenheim,7996.0
le port-marly,5589.0
amboise,12981.0
montville,4814.0
taupont,2285.0
wavrin,7744.0
duras,1305.0
rognes,4862.0
saint-romain-de-colbosc,4172.0
saint-poncy,367.0
molsheim,9526.0
saint-hilaire-lez-cambrai,1616.0
garlan,1085.0
pont-sur-seine,1181.0
noirefontaine,365.0
maen roch,4944.0
saint-jean-d'elle,2514.0
mireval-lauragais,176.0
ormoy,240.0
ormoy,222.0
ormoy,693.0
ormoy,2066.0
marsillargues,6324.0
senlis,14878.0
senlis,167.0
sainte-catherine,3567.0
sainte-catherine,54.0
sainte-catherine,1000.0
villers-saint-paul,6489.0
petiville,512.0
petiville,1155.0
soulaines-dhuys,419.0
montigny-sur-loing,2777.0
condrieu,3977.0
candas,1109.0
fayence,5881.0
les hauts-d'anjou,8947.0
saint-trivier-sur-moignans,1840.0
verson,3668.0
la murette,1949.0
colombe,1617.0
beauchastel,1851.0
la tour-de-salvagny,4146.0
sanary-sur-mer,16843.0
honfleur,7652.0
douvres,1067.0
rochefort-sur-nenon,684.0
hendaye,16881.0
chantepie,10653.0
rohrwiller,1645.0
le barp,5587.0
saint-ybard,698.0
le broc,1421.0
le broc,695.0
cognin,6381.0
cesson,10558.0
les fins,3247.0
ligneyrac,307.0
arelaune-en-seine,2622.0
roisey,967.0
ancerville,2816.0
ancerville,304.0
annebault,461.0
chadrac,2586.0
salins-les-bains,2736.0
chef-boutonne,2695.0
ormes,184.0
ormes,492.0
ormes,4200.0
ormes,439.0
ormes,482.0
marnaz,5637.0
saint-gaudens,12082.0
saint-martin-des-noyers,2410.0
sorel-moussel,1839.0
eymouthiers,306.0
marle,2305.0
mousseaux-neuville,661.0
lonrai,1171.0
givraines,420.0
messimy,3465.0
champguyon,277.0
dugny-sur-meuse,1331.0
vayrac,1318.0
la roquebrussanne,2500.0
loyat,1665.0
aigremont,804.0
aigremont,20.0
aigremont,1133.0
aigremont,81.0
ermont,29348.0
marcorignan,1327.0
cornillon,955.0
bruz,18734.0
eymet,2674.0
saint-erblon,3147.0
saint-erblon,176.0
saint-sulpice,261.0
saint-sulpice,148.0
saint-sulpice,406.0
saint-sulpice,1120.0
saint-sulpice,93.0
saint-sulpice,133.0
saint-sulpice,779.0
kesseldorf,411.0
labastide-marnhac,1248.0
gastes,828.0
saint-quentin-de-baron,2465.0
thumeries,3931.0
josnes,905.0
genouillac,745.0
les salles-du-gardon,2626.0
livry-sur-seine,2111.0
choisey,1081.0
sainte-marie-la-mer,4834.0
montferrier-sur-lez,3881.0
delettes,1194.0
seyssins,7791.0
lisle,870.0
lisle,198.0
heilly,432.0
aubessagne,710.0
le temple-sur-lot,1045.0
villaz,3551.0
laning,622.0
magnac-sur-touvre,3207.0
rousies,4071.0
beignon,1903.0
vaison-la-romaine,6137.0
chavigny,154.0
chavigny,1857.0
chelers,266.0
retonfey,1399.0
sallaumines,9752.0
rueil-malmaison,79745.0
belley,9499.0
bourbonne-les-bains,2127.0
juvignac,11203.0
colmars,501.0
arleux-en-gohelle,873.0
entrelacs,6399.0
landrethun-le-nord,1309.0
choisy-le-roi,45552.0
audun-le-tiche,6908.0
chavelot,1422.0
rochemaure,2330.0
bavent,1828.0
taluyers,2601.0
bachant,2349.0
bergheim,2170.0
longuenesse,11563.0
ousse,1711.0
bihorel,8582.0
bayeux,13491.0
folschviller,4065.0
cormeilles-en-parisis,24354.0
parthenay,10652.0
selongey,2436.0
argeliers,2170.0
clarensac,4361.0
gavray-sur-sienne,1994.0
gouarec,957.0
saint-hilaire-du-maine,887.0
trept,2225.0
occhiatana,247.0
avanton,2204.0
peyre en aubrac,2368.0
la bachellerie,919.0
couiza,1137.0
chalabre,1130.0
yvetot,12123.0
polignac,173.0
polignac,2899.0
la cluse-et-mijoux,1335.0
champigny-sur-marne,77992.0
dompierre-sur-besbre,3097.0
belleherbe,636.0
manciet,831.0
franois,2380.0
binges,801.0
pleudihen-sur-rance,2986.0
pompey,4938.0
pompignan,971.0
pompignan,1484.0
valloire,1110.0
vailly-sur-aisne,2040.0
bourg-des-comptes,3332.0
fontaine-le-comte,3926.0
douzens,745.0
genech,3342.0
moirans-en-montagne,2206.0
vigneux-sur-seine,31752.0
frangy,2159.0
lavelanet,6305.0
la grandville,812.0
avoudrey,924.0
chamonix-mont-blanc,8996.0
chevreuse,5810.0
thoiry,6215.0
thoiry,468.0
thoiry,1438.0
marciac,1310.0
montbrehain,829.0
saint-pardoux-isaac,1155.0
vougy,1530.0
vougy,1589.0
grisolles,254.0
grisolles,4169.0
fruges,2611.0
bourdettes,523.0
mers-les-bains,2858.0
la crau,18706.0
la roche-maurice,1850.0
lieurey,1467.0
villaines-sous-malicorne,1037.0
colleville-montgomery,2478.0
bourg-argental,2979.0
civray-de-touraine,1885.0
ogeu-les-bains,1318.0
le gua,2130.0
le gua,1804.0
ger,814.0
ger,1947.0
ger,165.0
saint-laurent-des-hommes,1036.0
caudan,7035.0
saint-aubin-du-cormier,3998.0
rostrenen,3405.0
caussade,7104.0
tarare,10863.0
craon,4685.0
craon,189.0
jonage,5978.0
tronville-en-barrois,1468.0
la rochette,70.0
la rochette,475.0
la rochette,61.0
la rochette,544.0
la rochette,3510.0
baix,1189.0
argences,3748.0
malicorne-sur-sarthe,1938.0
calvisson,5842.0
ennezat,2536.0
le may-sur-èvre,3875.0
rouvroy,522.0
rouvroy,8775.0
bretteville-sur-odon,3913.0
terville,7116.0
le donjon,1096.0
plouguin,2192.0
vallons-de-l'erdre,6676.0
steene,1379.0
saint-illiers-la-ville,403.0
saint-mard,115.0
saint-mard,1216.0
saint-mard,89.0
saint-mard,3885.0
saint-mard,168.0
sassetot-le-mauconduit,1118.0
neuville-sur-sarthe,2469.0
sarrola-carcopino,3329.0
sainte-scolasse-sur-sarthe,638.0
krautergersheim,1706.0
truchtersheim,4110.0
la ville-aux-clercs,1296.0
comines,12446.0
lafox,1171.0
aignan,805.0
le noyer,296.0
le noyer,222.0
le noyer,219.0
seringes-et-nesles,280.0
ardres,4475.0
chambry,860.0
chambry,991.0
saulx-les-chartreux,5927.0
beaugency,7483.0
les pieux,3312.0
fontenilles,6059.0
la chapelle-janson,1477.0
lannoy,1780.0
chessy,2111.0
chessy,5683.0
voulaines-les-templiers,298.0
carcans,2459.0
saint-castin,906.0
rouziers-de-touraine,1339.0
le verdon-sur-mer,1346.0
fontenay-le-fleury,13622.0
crach,3431.0
arc-et-senans,1654.0
bannost-villegagnon,669.0
pitgam,978.0
rolleville,1213.0
riscle,1930.0
fay-de-bretagne,3674.0
santec,2471.0
val-d'aigoual,1451.0
montataire,13419.0
rompon,1112.0
charenton-le-pont,30568.0
bully,415.0
bully,2019.0
bully,937.0
westhoffen,1677.0
turny,701.0
ayzac-ost,463.0
ligny-en-barrois,4190.0
saint-gelais,2154.0
brassac-les-mines,3430.0
granges-aumontzey,2724.0
culoz,3082.0
allonnes,316.0
allonnes,3084.0
allonnes,11206.0
andance,1206.0
accous,474.0
cordelle,937.0
mortagne-du-nord,1633.0
montmirail,3648.0
montmirail,398.0
bascons,877.0
saint-vite,1195.0
sault-de-navailles,914.0
ableiges,1169.0
rouez,779.0
pommerit-le-vicomte,1810.0
vron,863.0
bourth,1289.0
poitiers,90703.0
saint-jean-soleymieux,872.0
la puye,616.0
cours-de-pile,1611.0
saint-martin-des-champs,313.0
saint-martin-des-champs,4738.0
saint-martin-des-champs,661.0
saint-martin-des-champs,315.0
saint-martin-des-champs,289.0
la martre,216.0
herblay-sur-seine,29571.0
chavagnes-en-paillers,3638.0
villars,472.0
villars,176.0
villars,8128.0
villars,791.0
guesnain,4713.0
labastide-villefranche,339.0
limons,767.0
appoigny,3219.0
boissise-le-roi,3816.0
brazey-en-plaine,2422.0
grand-couronne,9842.0
sales,2027.0
jouy,1980.0
jouy,539.0
grues,865.0
tresserre,1079.0
vimoutiers,3428.0
la romaine,515.0
puymoyen,2522.0
saint-marcel-bel-accueil,1431.0
saint-hilaire-le-vouhis,1081.0
bardos,1878.0
le perreux-sur-marne,34161.0
guichen,8766.0
vitry-aux-loges,2222.0
saint-martin-de-seignanx,5613.0
herbinghen,386.0
cheniers,111.0
saint-jacut-de-la-mer,925.0
migennes,7354.0
saverne,11548.0
stosswihr,1386.0
annonay,16956.0
saint-hilaire-saint-mesmin,3123.0
saint-piat,1080.0
saint-vigor-le-grand,2489.0
lindry,1429.0
saint-julien-les-rosiers,3410.0
monteneuf,771.0
mouguerre,5248.0
agen,34417.0
anizy-le-grand,2584.0
vers-pont-du-gard,1885.0
crevin,2867.0
saint-julien-en-genevois,14476.0
beauvoir-sur-mer,3964.0
soncourt-sur-marne,379.0
tourrettes-sur-loup,4078.0
saint-riquier,1288.0
lauterbourg,2330.0
eauze,3992.0
gaillon,7022.0
saint-martial-de-nabirat,588.0
marigny-le-lozon,2703.0
bono,2508.0
anzin-saint-aubin,2828.0
briare,5303.0
callian,48.0
callian,3266.0
saramon,841.0
la chapelle-taillefert,436.0
le luart,1451.0
tournus,5885.0
montech,6469.0
combs-la-ville,22556.0
verberie,3900.0
attignat,3275.0
terssac,1221.0
montesquiou,603.0
avroult,611.0
plainfaing,1703.0
le versoud,4874.0
ploumoguer,2100.0
bren,572.0
labastide-du-temple,1152.0
bellevigne-en-layon,5843.0
val-de-bonnieure,1318.0
villers-plouich,408.0
allevard,4210.0
la jarne,2532.0
neuville-saint-vaast,1555.0
salles,7157.0
salles,300.0
salles,240.0
salles,341.0
salles,188.0
saint-gratien,383.0
saint-gratien,20859.0
nivigne et suran,825.0
petit-caux,9755.0
verrens-arvey,930.0
sartrouville,52433.0
pampelonne,870.0
montcresson,1307.0
estaires,6538.0
brumath,10089.0
le bourget-du-lac,4964.0
saint-roch,1273.0
la plaine-sur-mer,4351.0
la chapelle-en-serval,3225.0
entre-deux,6969.0
habsheim,4991.0
luxey,677.0
saint-selve,3063.0
bry-sur-marne,16805.0
unieux,8683.0
landerneau,16398.0
cheval-blanc,4351.0
abondant,2426.0
saint-laurent-en-caux,781.0
beauzac,3001.0
hohfrankenheim,267.0
rouxmesnil-bouteilles,1890.0
sassenay,1631.0
marcillac-vallon,1757.0
lorgues,9278.0
pontault-combault,37994.0
guipel,1734.0
chazelles,33.0
chazelles,1583.0
chazelles,37.0
mouliherne,872.0
charency-vezin,625.0
croix,21317.0
croix,168.0
pays-de-clerval,1258.0
saint-hippolyte,447.0
saint-hippolyte,121.0
saint-hippolyte,1431.0
saint-hippolyte,911.0
saint-hippolyte,135.0
saint-hippolyte,654.0
saint-hippolyte,3081.0
saint-hippolyte,981.0
saint-georges-des-groseillers,3311.0
verteillac,689.0
lessard-en-bresse,555.0
lavilledieu,2164.0
droupt-sainte-marie,241.0
vouziers,4489.0
chanteloup-les-vignes,10455.0
pignans,4246.0
marsilly,3133.0
marsilly,585.0
loddes,166.0
maintenon,4371.0
bougival,8841.0
saint-jean-de-bournay,4699.0
retournac,2988.0
saint-germain-lembron,2017.0
hermes,2539.0
clavette,1399.0
rousson,4177.0
rousson,416.0
bernes-sur-oise,2735.0
authie,1642.0
authie,296.0
massy,348.0
massy,51142.0
le malzieu-ville,745.0
beaufort-en-anjou,7383.0
bellengreville,1510.0
bellengreville,483.0
pussay,2231.0
vinon-sur-verdon,4321.0
vaux-sur-mer,3873.0
ribemont,2009.0
condes,116.0
condes,310.0
barbentane,4332.0
senozan,1141.0
rothau,1609.0
fontaine-la-guyon,1696.0
grand bourgtheroulde,3874.0
aunac-sur-charente,628.0
gertwiller,1271.0
marlieux,1207.0
innenheim,1194.0
saint-just-malmont,4270.0
savigny-sur-braye,2045.0
rouhe,81.0
saint-sauveur-de-montagut,1140.0
morvillars,1100.0
gravigny,4021.0
montlignon,3068.0
kaysersberg vignoble,4618.0
lagnes,1667.0
muttersholtz,2051.0
banyuls-sur-mer,4838.0
crayssac,783.0
serpaize,1964.0
saint-denis-de-jouhet,983.0
rouvrois-sur-meuse,208.0
bizanet,1713.0
londigny,257.0
florange,12054.0
beaufort,468.0
beaufort,223.0
beaufort,559.0
beaufort,1013.0
beaufort,2131.0
pietrosella,1701.0
les lucs-sur-boulogne,3534.0
fumel,4926.0
aubignan,5752.0
bouloc,4743.0
auriac,43.0
auriac,235.0
auriac,244.0
damgan,1727.0
saint-georges-de-didonne,5471.0
staple,663.0
jardres,1297.0
les magnils-reigniers,1618.0
heyrieux,4795.0
mercy-le-bas,1284.0
le grand-pressigny,935.0
aigne,276.0
rexingen,204.0
uttenheim,556.0
civrac-de-blaye,877.0
craponne-sur-arzon,2023.0
camiers,2760.0
dombasle-en-xaintois,126.0
poulainville,1234.0
lagrave,2179.0
pointis-inard,938.0
masseube,1971.0
les angles,8551.0
les angles,129.0
les angles,555.0
andilly,2268.0
andilly,293.0
andilly,919.0
andilly,2645.0
seychalles,796.0
plouezoc'h,1658.0
beaumont-sur-oise,9669.0
saint-agathon,2326.0
ploeren,6784.0
mantes-la-jolie,44528.0
castelmoron-sur-lot,1772.0
marcellaz-albanais,1947.0
willer-sur-thur,1866.0
mesbrecourt-richecourt,307.0
presles,89.0
presles,3956.0
chaumes-en-retz,6868.0
saint-onen-la-chapelle,1168.0
challes-les-eaux,5864.0
plouescat,3528.0
lingolsheim,18496.0
belleneuve,1635.0
longues-sur-mer,621.0
laruscade,2785.0
thuir,7765.0
vincelles,293.0
vincelles,434.0
vincelles,950.0
saint-martin-belle-roche,1418.0
lavernat,606.0
bozel,1898.0
les mollettes,828.0
villecomtal,411.0
chaponnay,4338.0
bretagne-de-marsan,1572.0
oudon,3870.0
oust,552.0
chassieu,10505.0
guerpont,254.0
bois-de-haye,2359.0
saint-claud,1081.0
baratier,613.0
longvilliers,253.0
longvilliers,514.0
conflans-sainte-honorine,36285.0
molliens-dreuil,969.0
frelinghien,2435.0
odenas,952.0
boeil-bezing,1312.0
moyenneville,642.0
moyenneville,275.0
moyenneville,727.0
baule,2111.0
chantonnay,8732.0
le bouscat,24090.0
briec,5742.0
loudenvielle,306.0
saint-esprit,9520.0
houdain,7307.0
saint-ciers-du-taillon,558.0
chassors,1139.0
raucourt-et-flaba,854.0
argent-sur-sauldre,2142.0
clefmont,179.0
huisseau-sur-mauves,1685.0
bazoges-en-pareds,1180.0
villate,939.0
bandol,8554.0
saillenard,801.0
sillingy,5371.0
bron,42020.0
saint-marcellin-en-forez,4898.0
riantec,5761.0
lasseube,1777.0
desvres,5024.0
vulbens,1656.0
manneville-la-goupil,1035.0
conteville,1009.0
conteville,73.0
conteville,498.0
conteville,215.0
claye-souilly,12631.0
lucinges,1690.0
la chapelle-saint-mesmin,10550.0
marcilly-sur-eure,1611.0
jourgnac,1130.0
saint-gobain,2320.0
les garennes sur loire,4629.0
boos,3855.0
saint-augustin-des-bois,1246.0
vieux-lixheim,264.0
viller,205.0
aussois,701.0
pont-aven,2859.0
saint-jean-bonnefonds,6707.0
nelling,272.0
nonancourt,2328.0
mont,1217.0
mont,44.0
mont,188.0
port-vendres,4204.0
chablis,2318.0
la garenne-colombes,29414.0
nuits-saint-georges,5577.0
sainte-austreberthe,410.0
sainte-austreberthe,617.0
cerdon,797.0
cerdon,961.0
peillac,1909.0
marigny-les-usages,1595.0
dormans,2976.0
ussy-sur-marne,1077.0
guipavas,14857.0
boutigny-sur-essonne,3039.0
gap,42487.0
perreux,2293.0
illzach,14862.0
bouvignies,1561.0
lampertheim,3333.0
saintes-maries-de-la-mer,2352.0
le theil-de-bretagne,1767.0
olonzac,1791.0
commer,1227.0
heuchin,540.0
courville,461.0
dieulefit,3297.0
chermignac,1281.0
rosporden,7791.0
saint-romain-en-gal,2001.0
tourves,5097.0
louargat,2389.0
jarny,8468.0
saint-laurent-de-condel,509.0
hangenbieten,1577.0
villereau,378.0
villereau,1010.0
velleron,3013.0
valleroy-aux-saules,268.0
saint-paul-cap-de-joux,1136.0
avion,17762.0
creil,35884.0
beynes,134.0
beynes,7774.0
kourou,25913.0
pauillac,4945.0
le russey,2423.0
changy,647.0
changy,123.0
changy,476.0
woincourt,1283.0
uzein,1255.0
coursac,2193.0
erquy,4004.0
issy-les-moulineaux,69277.0
surzur,4520.0
pleaux,1524.0
saint-paul-en-jarez,4904.0
saint-bonnet-le-courreau,701.0
baud,6454.0
ortaffa,1500.0
archigny,1109.0
la roche-blanche,1207.0
la roche-blanche,3489.0
saint-germain-en-montagne,417.0
zegerscappel,1561.0
mornas,2453.0
sainte-bazeille,3262.0
ajain,1164.0
champoly,331.0
vimines,2066.0
terrasson-lavilledieu,6308.0
la chapelle-rambaud,262.0
