Ville,Nombre de Salons,Population,Habitants par Salon
toulouse,31,484809,15639.0
nice,23,342979,14912.0
nantes,25,314503,12580.0
montpellier,19,288600,15189.0
strasbourg,21,283745,13512.0
bordeaux,11,257804,23437.0
lille,17,234842,13814.0
rennes,10,220925,22092.0
reims,11,185576,16871.0
toulon,19,173760,9145.0
le havre,18,172067,9559.0
grenoble,19,160625,8454.0
dijon,14,160204,11443.0
angers,5,156037,31207.0
saint-denis,20,149313,7466.0
villeurbanne,7,148754,21251.0
clermont-ferrand,10,146632,14663.0
le mans,10,145776,14578.0
aix-en-provence,11,145676,13243.0
brest,8,142748,17844.0
tours,7,138616,19802.0
amiens,9,136754,15195.0
limoges,8,134460,16808.0
annecy,16,130175,8136.0
perpignan,15,121681,8112.0
boulogne-billancourt,1,121249,121249.0
metz,10,118253,11825.0
saint-denis,20,111948,5597.0
rouen,6,111760,18627.0
argenteuil,3,110839,36946.0
mulhouse,8,110612,13826.0
montreuil,3,110474,36825.0
caen,11,107523,9775.0
saint-paul,11,105887,9626.0
nancy,6,105743,17624.0
tourcoing,2,98028,49014.0
roubaix,1,97492,97492.0
nanterre,4,95739,23935.0
vitry-sur-seine,3,94059,31353.0
avignon,7,93671,13382.0
poitiers,1,90703,90703.0
dunkerque,7,88667,12667.0
versailles,4,87900,21975.0
aubervilliers,4,86597,21649.0
colombes,2,85775,42888.0
saint-pierre,8,85083,10635.0
courbevoie,1,82327,82327.0
cherbourg-en-cotentin,10,81566,8157.0
fort-de-france,5,81006,16201.0
rueil-malmaison,1,79745,79745.0
le tampon,10,79705,7970.0
pau,7,78535,11219.0
champigny-sur-marne,1,77992,77992.0
la rochelle,11,77855,7078.0
cannes,10,74686,7469.0
calais,7,74581,10654.0
antibes,10,74161,7416.0
saint-nazaire,12,71772,5981.0
drancy,4,71605,17901.0
ajaccio,14,71508,5108.0
colmar,13,70158,5397.0
issy-les-moulineaux,1,69277,69277.0
noisy-le-grand,2,68515,34258.0
bourges,8,66589,8324.0
cergy,1,65647,65647.0
quimper,3,65480,21827.0
valence,3,65028,21676.0
levallois-perret,5,64922,12984.0
la seyne-sur-mer,9,64717,7191.0
pessac,2,64514,32257.0
antony,3,63319,21106.0
troyes,4,62828,15707.0
montauban,4,62290,15572.0
cayenne,7,61645,8806.0
clichy,4,61379,15345.0
niort,4,60506,15126.0
sarcelles,4,58849,14712.0
lorient,6,58617,9770.0
pantin,1,57668,57668.0
beauvais,5,57582,11516.0
la roche-sur-yon,4,57366,14342.0
maisons-alfort,1,55988,55988.0
narbonne,3,55876,18625.0
cholet,7,55787,7970.0
meaux,3,55461,18487.0
vannes,6,55422,9237.0
chelles,1,55195,55195.0
saint-quentin,5,55098,11020.0
villejuif,1,55047,55047.0
les abymes,3,54049,18016.0
saint-louis,7,53956,7708.0
fontenay-sous-bois,2,53418,26709.0
arles,10,53318,5332.0
sartrouville,1,52433,52433.0
bayonne,3,52398,17466.0
laval,4,52284,13071.0
corbeil-essonnes,2,51572,25786.0
cagnes-sur-mer,9,51406,5712.0
grasse,1,51342,51342.0
sevran,2,51201,25600.0
massy,1,51142,51142.0
albi,7,50759,7251.0
montrouge,2,50481,25240.0
vincennes,2,50267,25134.0
vaulx-en-velin,2,49928,24964.0
suresnes,2,48736,24368.0
martigues,6,48656,8109.0
belfort,3,48423,16141.0
brive-la-gaillarde,8,48202,6025.0
blois,3,47715,15905.0
carcassonne,3,47365,15788.0
saint-malo,3,47362,15787.0
gennevilliers,3,47169,15723.0
saint-herblain,3,46998,15666.0
aubagne,2,46621,23310.0
saint-germain-en-laye,1,46570,46570.0
saint-priest,2,46497,23248.0
bastia,3,46434,15478.0
salon-de-provence,2,46110,23055.0
meudon,1,46009,46009.0
saint-brieuc,2,46006,23003.0
choisy-le-roi,1,45552,45552.0
puteaux,1,44905,44905.0
livry-gargan,1,44661,44661.0
mantes-la-jolie,1,44528,44528.0
noisy-le-sec,2,44274,22137.0
istres,4,43817,10954.0
caluire-et-cuire,1,43816,43816.0
valenciennes,9,43755,4862.0
talence,5,43574,8715.0
bourg-en-bresse,3,43306,14435.0
la courneuve,1,43203,43203.0
castres,10,43082,4308.0
tarbes,6,42590,7098.0
gap,1,42487,42487.0
bron,1,42020,42020.0
le cannet,1,41864,41864.0
arras,6,41813,6969.0
boulogne-sur-mer,8,41320,5165.0
wattrelos,3,41118,13706.0
bagneux,1,41111,41111.0
douai,8,40605,5076.0
le lamentin,3,40471,13490.0
melun,5,40348,8070.0
draguignan,6,40234,6706.0
chartres,8,39763,4970.0
gagny,2,39535,19768.0
stains,1,38823,38823.0
saint-joseph,5,38166,7633.0
pontault-combault,1,37994,37994.0
villepinte,1,36934,36934.0
savigny-sur-orge,2,36817,18408.0
tremblay-en-france,2,36345,18172.0
conflans-sainte-honorine,1,36285,36285.0
annemasse,3,36105,12035.0
auxerre,2,35916,17958.0
creil,1,35884,35884.0
palaiseau,2,35881,17940.0
thonon-les-bains,2,35863,17932.0
la ciotat,8,35563,4445.0
saint-chamond,4,35524,8881.0
roanne,5,35059,7012.0
haguenau,2,35050,17525.0
athis-mons,1,34724,34724.0
le port,5,34438,6888.0
agen,1,34417,34417.0
sainte-marie,1,34230,34230.0
le perreux-sur-marne,1,34161,34161.0
nevers,5,34097,6819.0
saint-leu,8,34030,4254.0
meyzieu,2,33725,16862.0
vitrolles,2,33650,16825.0
six-fours-les-plages,6,33422,5570.0
montigny-le-bretonneux,4,33396,8349.0
la possession,2,33374,16687.0
cambrai,14,33200,2371.0
marignane,3,33162,11054.0
houilles,1,32480,32480.0
schiltigheim,3,32070,10690.0
plaisir,2,31808,15904.0
vigneux-sur-seine,1,31752,31752.0
lens,4,31614,7904.0
dreux,2,31605,15802.0
cachan,1,31542,31542.0
pontoise,1,31434,31434.0
baie-mahault,2,31404,15702.0
mont-de-marsan,4,30994,7748.0
malakoff,1,30932,30932.0
goussainville,1,30787,30787.0
chatou,2,30754,15377.0
saint-cloud,1,30582,30582.0
charenton-le-pont,1,30568,30568.0
aix-les-bains,4,30373,7593.0
maubeuge,4,30258,7564.0
villemomble,2,30152,15076.0
vienne,4,29683,7421.0
dieppe,6,29638,4940.0
herblay-sur-seine,1,29571,29571.0
orange,5,29566,5913.0
bezons,2,29508,14754.0
menton,3,29461,9820.0
la garenne-colombes,1,29414,29414.0
ermont,1,29348,29348.0
le plessis-robinson,1,29249,29249.0
thiais,2,29247,14624.0
soissons,4,29176,7294.0
carpentras,4,29144,7286.0
guyancourt,2,29065,14532.0
bourgoin-jallieu,6,29024,4837.0
agde,6,29023,4837.0
grigny,3,28862,9621.0
lambersart,1,28051,28051.0
fresnes,2,27905,13952.0
villiers-le-bel,1,27808,27808.0
saumur,4,27701,6925.0
tournefeuille,3,27529,9176.0
illkirch-graffenstaden,1,27446,27446.0
le gosier,1,27096,27096.0
orvault,4,27082,6770.0
cavaillon,4,27075,6769.0
sannois,1,27020,27020.0
montfermeil,1,26889,26889.0
vallauris,1,26834,26834.0
aurillac,3,26828,8943.0
miramas,1,26827,26827.0
saintes,1,26813,26813.0
sucy-en-brie,2,26709,13354.0
taverny,1,26630,26630.0
oullins,1,26565,26565.0
sens,3,26519,8840.0
lunel,3,26499,8833.0
vierzon,3,26441,8814.0
la teste-de-buch,3,26438,8813.0
villeparisis,1,26429,26429.0
biarritz,2,26108,13054.0
le grand-quevilly,2,25945,12972.0
kourou,1,25913,25913.0
rodez,4,25905,6476.0
laon,4,25549,6387.0
muret,2,25488,12744.0
eaubonne,1,25430,25430.0
libourne,2,25400,12700.0
les ulis,1,25361,25361.0
champs-sur-marne,1,25195,25195.0
cenon,2,24975,12488.0
rochefort,8,24845,3106.0
dole,4,24606,6152.0
saint-dizier,2,24570,12285.0
vernon,1,24530,24530.0
vichy,3,24523,8174.0
cormeilles-en-parisis,1,24354,24354.0
la valette-du-var,7,24131,3447.0
le bouscat,1,24090,24090.0
les pavillons-sous-bois,3,24060,8020.0
sainte-anne,1,23951,23951.0
sainte-suzanne,2,23704,11852.0
abbeville,3,23358,7786.0
lanester,1,23219,23219.0
chaumont,3,23172,7724.0
auch,1,23067,23067.0
manosque,5,22992,4598.0
frontignan,1,22946,22946.0
oyonnax,5,22943,4589.0
millau,7,22844,3263.0
fontaine,3,22790,7597.0
mandelieu-la-napoule,5,22715,4543.0
tassin-la-demi-lune,2,22691,11346.0
combs-la-ville,1,22556,22556.0
loos,1,22488,22488.0
olivet,2,22474,11237.0
le moule,2,22389,11194.0
le petit-quevilly,2,22260,11130.0
hazebrouck,2,21999,11000.0
gif-sur-yvette,4,21994,5498.0
le creusot,2,21935,10968.0
forbach,6,21858,3643.0
beaune,6,21747,3624.0
montmorency,1,21732,21732.0
saint-genis-laval,1,21695,21695.0
gujan-mestras,3,21602,7201.0
lagny-sur-marne,1,21601,21601.0
dax,3,21512,7171.0
saint-louis,7,21457,3065.0
coudekerque-branche,1,21428,21428.0
longjumeau,2,21390,10695.0
saint-jean-de-braye,3,21349,7116.0
les pennes-mirabeau,4,21321,5330.0
challans,2,21318,10659.0
croix,1,21317,21317.0
fleury-les-aubrais,1,21305,21305.0
neuilly-plaisance,3,21268,7089.0
sarreguemines,1,21232,21232.0
gardanne,1,21143,21143.0
morsang-sur-orge,1,21083,21083.0
lisieux,7,20986,2998.0
halluin,3,20927,6976.0
saint-gratien,1,20859,20859.0
lannion,2,20852,10426.0
chaville,2,20845,10422.0
castelnau-le-lez,3,20810,6937.0
cahors,8,20808,2601.0
pertuis,2,20730,10365.0
wasquehal,1,20705,20705.0
voiron,2,20603,10302.0
mantes-la-ville,1,20592,20592.0
bressuire,3,20533,6844.0
montereau-fault-yonne,1,20400,20400.0
nogent-sur-oise,2,20395,10198.0
chilly-mazarin,2,20320,10160.0
carquefou,2,20238,10119.0
moulins,2,20227,10114.0
givors,2,20089,10044.0
la chapelle-sur-erdre,1,20044,20044.0
riom,2,19999,10000.0
le puy-en-velay,4,19944,4986.0
denain,4,19921,4980.0
mougins,2,19865,9932.0
bouguenais,2,19609,9804.0
chevilly-larue,2,19578,9789.0
albertville,4,19453,4863.0
ronchin,1,19349,19349.0
joinville-le-pont,2,19282,9641.0
cognac,3,19275,6425.0
louviers,5,19069,3814.0
royan,2,18949,9474.0
sorgues,2,18924,9462.0
saint-fons,1,18859,18859.0
montceau-les-mines,2,18789,9394.0
hem,5,18783,3757.0
vence,2,18769,9384.0
bruz,1,18734,18734.0
mauges-sur-loire,4,18730,4682.0
la crau,1,18706,18706.0
maurepas,1,18543,18543.0
ploemeur,2,18536,9268.0
lingolsheim,1,18496,18496.0
verdun,3,18449,6150.0
capesterre-belle-eau,2,18417,9208.0
soisy-sous-montmorency,1,18341,18341.0
garches,1,18284,18284.0
marmande,3,18280,6093.0
romorantin-lanthenay,2,18246,9123.0
cugnaux,1,18197,18197.0
brie-comte-robert,1,18133,18133.0
pontarlier,4,18033,4508.0
lons-le-saunier,1,18023,18023.0
faches-thumesnil,1,17955,17955.0
moissy-cramayel,1,17839,17839.0
avion,1,17762,17762.0
le pontet,4,17685,4421.0
ducos,1,17657,17657.0
brignoles,1,17532,17532.0
cluses,4,17454,4364.0
firminy,5,17389,3478.0
digne-les-bains,4,17329,4332.0
carvin,4,17235,4309.0
cestas,1,17181,17181.0
osny,1,17135,17135.0
mauguio,2,17099,8550.0
annonay,1,16956,16956.0
limay,1,16932,16932.0
saint-maximin-la-sainte-baume,3,16888,5629.0
hendaye,1,16881,16881.0
sanary-sur-mer,1,16843,16843.0
bry-sur-marne,1,16805,16805.0
juvisy-sur-orge,1,16795,16795.0
yutz,1,16791,16791.0
orsay,2,16753,8376.0
sallanches,1,16603,16603.0
saint-joseph,5,16460,3292.0
les herbiers,3,16421,5474.0
blanquefort,2,16418,8209.0
landerneau,1,16398,16398.0
elbeuf,2,16308,8154.0
loire-authion,1,16294,16294.0
jouy-le-moutier,1,16157,16157.0
pamiers,2,16145,8072.0
toul,3,16113,5371.0
sainte-marie,1,16082,16082.0
pointe-à-pitre,2,16048,8024.0
hennebont,3,16041,5347.0
saint-amand-les-eaux,4,16041,4010.0
verneuil-sur-seine,1,15982,15982.0
hayange,1,15972,15972.0
saint-avold,2,15860,7930.0
sin-le-noble,1,15799,15799.0
rumilly,3,15741,5247.0
vesoul,2,15728,7864.0
domont,1,15718,15718.0
fos-sur-mer,2,15654,7827.0
gaillac,3,15621,5207.0
bar-le-duc,5,15585,3117.0
pontivy,1,15544,15544.0
tulle,5,15464,3093.0
villeneuve-loubet,2,15425,7712.0
pornic,2,15407,7704.0
saint-just-saint-rambert,2,15353,7676.0
noisiel,1,15333,15333.0
fontainebleau,1,15323,15323.0
rive-de-gier,3,15299,5100.0
montesson,1,15289,15289.0
issoire,3,15226,5075.0
montargis,2,15212,7606.0
flers,6,15093,2516.0
coulommiers,2,15076,7538.0
bailleul,1,15039,15039.0
morlaix,4,15028,3757.0
tarascon,2,14953,7476.0
bouc-bel-air,2,14946,7473.0
senlis,1,14878,14878.0
illzach,1,14862,14862.0
guipavas,1,14857,14857.0
romilly-sur-seine,7,14756,2108.0
wattignies,1,14743,14743.0
dinan,1,14741,14741.0
caudry,2,14739,7370.0
ramonville-saint-agne,2,14725,7362.0
hautmont,2,14675,7338.0
laxou,1,14658,14658.0
mennecy,1,14651,14651.0
biscarrosse,1,14561,14561.0
berck,3,14519,4840.0
saint-julien-en-genevois,1,14476,14476.0
francheville,1,14464,14464.0
roquebrune-sur-argens,4,14459,3615.0
pont-à-mousson,1,14446,14446.0
wittenheim,4,14430,3608.0
woippy,3,14353,4784.0
thouars,2,14341,7170.0
castelsarrasin,1,14267,14267.0
douarnenez,1,14265,14265.0
argentan,1,14208,14208.0
sainte-maxime,2,14183,7092.0
bois-guillaume,2,14171,7086.0
rixheim,1,14114,14114.0
saint-brevin-les-pins,3,14104,4701.0
fameck,1,14056,14056.0
auray,1,14016,14016.0
ollioules,2,13972,6986.0
valbonne,1,13850,13850.0
noyon,3,13831,4610.0
morangis,2,13802,6901.0
pierrelatte,2,13752,6876.0
saint-gilles,2,13711,6856.0
plougastel-daoulas,1,13698,13698.0
lourdes,1,13692,13692.0
mions,1,13661,13661.0
saint-martin-de-crau,2,13656,6828.0
tergnier,2,13642,6821.0
fontenay-le-fleury,1,13622,13622.0
outreau,2,13596,6798.0
amilly,1,13577,13577.0
audincourt,2,13569,6784.0
mayenne,1,13551,13551.0
roncq,1,13501,13501.0
bayeux,1,13491,13491.0
vaires-sur-marne,1,13467,13467.0
montataire,1,13419,13419.0
anzin,2,13400,6700.0
moissac,2,13378,6689.0
lieusaint,1,13366,13366.0
creutzwald,3,13330,4443.0
val-de-reuil,3,13327,4442.0
nemours,3,13215,4405.0
cusset,1,13142,13142.0
monteux,3,13131,4377.0
bonneville,2,13010,6505.0
riedisheim,1,12998,12998.0
amboise,1,12981,12981.0
mende,2,12967,6484.0
freyming-merlebach,2,12960,6480.0
aubenas,5,12933,2587.0
graulhet,1,12856,12856.0
roquebrune-cap-martin,1,12826,12826.0
bischwiller,1,12663,12663.0
raismes,2,12662,6331.0
claye-souilly,1,12631,12631.0
tarnos,4,12580,3145.0
moret-loing-et-orvanne,2,12552,6276.0
comines,1,12446,12446.0
le chambon-feugerolles,1,12408,12408.0
la motte-servolex,2,12390,6195.0
canet-en-roussillon,3,12376,4125.0
sarrebourg,3,12351,4117.0
rognac,1,12330,12330.0
chauny,1,12317,12317.0
bully-les-mines,3,12234,4078.0
issoudun,1,12199,12199.0
thiers,2,12169,6084.0
castelnaudary,2,12136,6068.0
provins,1,12125,12125.0
yvetot,1,12123,12123.0
triel-sur-seine,1,12108,12108.0
saint-gaudens,1,12082,12082.0
la queue-en-brie,2,12061,6030.0
florange,1,12054,12054.0
barentin,3,12034,4011.0
fonsorbes,2,12015,6008.0
vidauban,2,12011,6006.0
la hague,1,11998,11998.0
cogolin,3,11992,3997.0
oissel,2,11981,5990.0
marly,2,11977,5988.0
ifs,1,11962,11962.0
talant,1,11924,11924.0
ploufragan,3,11898,3966.0
andernos-les-bains,1,11897,11897.0
aubergenville,2,11881,5940.0
stiring-wendel,1,11742,11742.0
vauvert,1,11742,11742.0
obernai,2,11738,5869.0
le relecq-kerhuon,2,11705,5852.0
gisors,2,11704,5852.0
la roche-sur-foron,2,11683,5842.0
apt,2,11662,5831.0
brignais,1,11610,11610.0
sassenage,1,11577,11577.0
longuenesse,1,11563,11563.0
cuers,3,11557,3852.0
bolbec,2,11553,5776.0
saverne,1,11548,11548.0
chevigny-saint-sauveur,1,11539,11539.0
arcachon,1,11528,11528.0
saint-junien,4,11475,2869.0
mainvilliers,1,11462,11462.0
voisins-le-bretonneux,1,11426,11426.0
guebwiller,2,11414,5707.0
gravelines,4,11386,2846.0
saint-saulve,2,11353,5676.0
passy,2,11319,5660.0
oloron-sainte-marie,4,11305,2826.0
craponne,3,11253,3751.0
lavaur,1,11229,11229.0
allonnes,1,11206,11206.0
guilherand-granges,2,11204,5602.0
juvignac,1,11203,11203.0
le haillan,1,11197,11197.0
panazol,1,11180,11180.0
orthez,3,11106,3702.0
riorges,2,11070,5535.0
maromme,5,11045,2209.0
wambrechies,2,11036,5518.0
beaumont,2,11023,5512.0
sainte-savine,2,11011,5506.0
dourdan,1,10990,10990.0
pornichet,1,10962,10962.0
boulazac isle manoire,1,10932,10932.0
valentigney,3,10889,3630.0
tarare,1,10863,10863.0
montlouis-sur-loire,1,10817,10817.0
fondettes,1,10799,10799.0
trets,2,10775,5388.0
erstein,1,10754,10754.0
saint-cyprien,2,10677,5338.0
villebon-sur-yvette,1,10657,10657.0
chantepie,1,10653,10653.0
parthenay,1,10652,10652.0
saint-claude,3,10623,3541.0
limoux,3,10614,3538.0
douchy-les-mines,2,10598,5299.0
dinard,2,10572,5286.0
cesson,1,10558,10558.0
la chapelle-saint-mesmin,1,10550,10550.0
la riche,2,10543,5272.0
pont-saint-esprit,3,10519,3506.0
wittelsheim,1,10517,10517.0
villecresnes,2,10516,5258.0
chassieu,1,10505,10505.0
pont-audemer,2,10475,5238.0
figeac,2,10473,5236.0
mazamet,2,10463,5232.0
chanteloup-les-vignes,1,10455,10455.0
gerzat,1,10453,10453.0
bernay,4,10443,2611.0
le pradet,1,10415,10415.0
ormesson-sur-marne,1,10406,10406.0
neuville-en-ferrain,1,10350,10350.0
aniche,1,10348,10348.0
auchel,2,10344,5172.0
marly,2,10342,5171.0
fuveau,2,10338,5169.0
carentan-les-marais,3,10306,3435.0
chambly,2,10305,5152.0
jeumont,1,10285,10285.0
thorigny-sur-marne,1,10266,10266.0
montigny-en-gohelle,2,10258,5129.0
lescar,3,10225,3408.0
tinqueux,3,10169,3390.0
buxerolles,1,10165,10165.0
nogent-le-rotrou,1,10156,10156.0
ussel,3,10124,3375.0
albert,1,10102,10102.0
croissy-sur-seine,2,10101,5050.0
brumath,1,10089,10089.0
biot,2,10084,5042.0
mios,2,10078,5039.0
saint-max,2,10075,5038.0
sainte-luce,1,10037,10037.0
mouans-sartoux,2,10019,5010.0
lillers,3,10014,3338.0
blain,3,9963,3321.0
dombasle-sur-meurthe,1,9926,9926.0
saint-pierre-du-mont,1,9924,9924.0
lambesc,2,9919,4960.0
le beausset,1,9907,9907.0
revel,3,9893,3298.0
fouesnant,1,9887,9887.0
pernes-les-fontaines,2,9883,4942.0
arques,1,9882,9882.0
divonne-les-bains,1,9878,9878.0
carqueiranne,4,9868,2467.0
foix,2,9863,4932.0
villerupt,1,9843,9843.0
grand-couronne,1,9842,9842.0
portet-sur-garonne,1,9841,9841.0
villeneuve-tolosane,2,9838,4919.0
oignies,2,9817,4908.0
merville,1,9811,9811.0
redon,1,9810,9810.0
petit-caux,1,9755,9755.0
sallaumines,1,9752,9752.0
charvieu-chavagneux,1,9740,9740.0
grigny,3,9734,3245.0
le passage,1,9732,9732.0
coutances,2,9705,4852.0
beaumont-sur-oise,1,9669,9669.0
aizenay,1,9665,9665.0
carmaux,2,9659,4830.0
voreppe,1,9655,9655.0
paray-le-monial,2,9639,4820.0
saint-claude,3,9577,3192.0
leers,1,9552,9552.0
molsheim,1,9526,9526.0
jarville-la-malgrange,1,9523,9523.0
saint-esprit,1,9520,9520.0
belley,1,9499,9499.0
couzeix,1,9426,9426.0
gignac-la-nerthe,1,9409,9409.0
le portel,1,9343,9343.0
crosne,2,9289,4644.0
lorgues,1,9278,9278.0
ouistreham,1,9229,9229.0
vallet,1,9185,9185.0
frouzins,1,9177,9177.0
tomblaine,1,9164,9164.0
monistrol-sur-loire,2,9138,4569.0
lamorlaye,2,9117,4558.0
veauche,1,9088,9088.0
meulan-en-yvelines,2,9065,4532.0
capbreton,3,9058,3019.0
aulnoye-aymeries,1,9049,9049.0
elne,3,9049,3016.0
lillebonne,1,9046,9046.0
le rheu,2,9027,4514.0
chamonix-mont-blanc,1,8996,8996.0
les hauts-d'anjou,1,8947,8947.0
grenade,1,8946,8946.0
saint-jean-le-blanc,2,8924,4462.0
ville-la-grand,1,8919,8919.0
mont-saint-martin,1,8917,8917.0
borgo,2,8900,4450.0
chaponost,1,8888,8888.0
savenay,2,8856,4428.0
saint-jean-de-monts,2,8843,4422.0
bougival,1,8841,8841.0
lempdes,1,8832,8832.0
saint-vallier,2,8831,4416.0
wingles,2,8830,4415.0
petit-couronne,2,8809,4404.0
scionzier,2,8794,4397.0
nangis,2,8793,4396.0
parempuyre,1,8789,8789.0
beauchamp,1,8775,8775.0
rouvroy,1,8775,8775.0
rivesaltes,2,8773,4386.0
guichen,1,8766,8766.0
bellerive-sur-allier,2,8763,4382.0
marguerittes,1,8744,8744.0
irigny,1,8740,8740.0
chantonnay,1,8732,8732.0
gretz-armainvilliers,1,8719,8719.0
pibrac,1,8712,8712.0
saint-chamas,2,8699,4350.0
unieux,1,8683,8683.0
vif,1,8656,8656.0
privas,2,8606,4303.0
plabennec,1,8596,8596.0
le grau-du-roi,2,8595,4298.0
roussillon,1,8586,8586.0
bihorel,1,8582,8582.0
la fare-les-oliviers,2,8574,4287.0
venelles,2,8568,4284.0
bandol,1,8554,8554.0
les angles,1,8551,8551.0
larmor-plage,1,8539,8539.0
harfleur,2,8514,4257.0
breuillet,2,8513,4256.0
boucau,2,8499,4250.0
falaise,2,8491,4246.0
poisy,1,8481,8481.0
le plessis-bouchard,2,8477,4238.0
linselles,1,8469,8469.0
jarny,1,8468,8468.0
lure,3,8409,2803.0
aigues-mortes,2,8401,4200.0
feurs,2,8364,4182.0
le loroux-bottereau,3,8360,2787.0
sautron,1,8350,8350.0
champagnole,4,8346,2086.0
marcoussis,1,8300,8300.0
saint-renan,2,8299,4150.0
la tour-du-pin,3,8286,2762.0
brunstatt-didenheim,1,8220,8220.0
bormes-les-mimosas,1,8218,8218.0
puget-sur-argens,1,8218,8218.0
les andelys,3,8199,2733.0
carbon-blanc,1,8172,8172.0
malemort,2,8151,4076.0
saint-jean-de-maurienne,1,8146,8146.0
langres,3,8146,2715.0
guilers,2,8136,4068.0
villars,1,8128,8128.0
sorbiers,1,8103,8103.0
saint-marcellin,2,8102,4051.0
soustons,2,8068,4034.0
lys-haut-layon,1,8066,8066.0
digoin,2,8060,4030.0
biguglia,1,8050,8050.0
moirans,2,8014,4007.0
epagny metz-tessy,3,8013,2671.0
bouaye,1,7997,7997.0
wintzenheim,1,7996,7996.0
saint-pierre-en-auge,1,7986,7986.0
gourbeyre,1,7979,7979.0
cappelle-la-grande,2,7973,3986.0
aureilhan,1,7967,7967.0
la ricamarie,1,7955,7955.0
trignac,2,7947,3974.0
thann,1,7921,7921.0
achicourt,1,7903,7903.0
rethel,1,7895,7895.0
marseillan,3,7888,2629.0
saint-gilles-croix-de-vie,1,7879,7879.0
meximieux,5,7871,1574.0
faverges-seythenex,1,7856,7856.0
isle,1,7842,7842.0
le soler,3,7822,2607.0
la ville-du-bois,1,7815,7815.0
tullins,1,7801,7801.0
rosporden,1,7791,7791.0
seyssins,1,7791,7791.0
beynes,1,7774,7774.0
jaunay-marigny,2,7766,3883.0
thuir,1,7765,7765.0
wavrin,1,7744,7744.0
auxonne,2,7708,3854.0
barlin,1,7704,7704.0
sisteron,2,7697,3848.0
crozon,2,7697,3848.0
ballancourt-sur-essonne,2,7696,3848.0
saint-denis-en-val,2,7694,3847.0
yssingeaux,2,7667,3834.0
honfleur,1,7652,7652.0
saint-berthevin,1,7585,7585.0
bailly-romainvilliers,1,7582,7582.0
corte,1,7563,7563.0
nieppe,2,7559,3780.0
coulaines,1,7548,7548.0
lesneven,2,7539,3770.0
waziers,2,7519,3760.0
pontcharra,1,7514,7514.0
paimpol,3,7508,2503.0
beaugency,1,7483,7483.0
cavalaire-sur-mer,4,7469,1867.0
ruelle-sur-touvre,1,7406,7406.0
beaufort-en-anjou,1,7383,7383.0
bessancourt,2,7373,3686.0
publier,1,7356,7356.0
migennes,1,7354,7354.0
ugine,1,7332,7332.0
anse,2,7332,3666.0
huningue,1,7326,7326.0
auby,1,7315,7315.0
houdain,1,7307,7307.0
lagnieu,2,7289,3644.0
saujon,2,7279,3640.0
cassis,1,7250,7250.0
morteau,1,7244,7244.0
les trois-bassins,2,7234,3617.0
bellegarde,1,7210,7210.0
soultz-haut-rhin,1,7204,7204.0
saint-yrieix-la-perche,2,7199,3600.0
gueugnon,1,7196,7196.0
montoir-de-bretagne,1,7166,7166.0
chauvigny,1,7164,7164.0
salles,1,7157,7157.0
hasparren,1,7152,7152.0
bouillante,1,7135,7135.0
notre-dame-de-bondeville,1,7119,7119.0
terville,1,7116,7116.0
guipry-messac,1,7110,7110.0
caussade,1,7104,7104.0
loudun,1,7091,7091.0
villemoisson-sur-orge,2,7084,3542.0
brioude,5,7081,1416.0
eu,2,7076,3538.0
valognes,1,7070,7070.0
aussonne,1,7057,7057.0
chabeuil,3,7053,2351.0
caudan,1,7035,7035.0
gaillon,1,7022,7022.0
saint-julien-de-concelles,1,7015,7015.0
luxeuil-les-bains,3,7008,2336.0
toulouges,3,7000,2333.0
nyons,2,6980,3490.0
feignies,2,6978,3489.0
grenay,1,6972,6972.0
entre-deux,1,6969,6969.0
saint-flour,3,6947,2316.0
herbignac,1,6946,6946.0
divatte-sur-loire,2,6943,3472.0
roquefort-les-pins,1,6942,6942.0
liancourt,1,6941,6941.0
gournay-sur-marne,2,6933,3466.0
givet,2,6908,3454.0
audun-le-tiche,1,6908,6908.0
sainte-pazanne,1,6901,6901.0
saint-bonnet-de-mure,1,6879,6879.0
chaumes-en-retz,1,6868,6868.0
balaruc-les-bains,2,6858,3429.0
montfort-sur-meu,1,6823,6823.0
avallon,3,6791,2264.0
ploeren,1,6784,6784.0
la tronche,1,6737,6737.0
condom,1,6735,6735.0
plouguerneau,2,6735,3368.0
saint-jean-bonnefonds,1,6707,6707.0
saint-pierre-en-faucigny,2,6704,3352.0
vallons-de-l'erdre,1,6676,6676.0
aubigny-les clouzeaux,1,6671,6671.0
saint-laurent-blangy,1,6670,6670.0
cambo-les-bains,1,6660,6660.0
mourenx,1,6660,6660.0
la plaine-des-palmistes,3,6659,2220.0
laneuveville-devant-nancy,2,6651,3326.0
itteville,1,6646,6646.0
le blanc,4,6611,1653.0
louhans,2,6569,3284.0
ceyrat,1,6550,6550.0
melle,3,6540,2180.0
montauroux,2,6539,3270.0
estaires,1,6538,6538.0
meung-sur-loire,1,6533,6533.0
gigean,2,6506,3253.0
hombourg-haut,1,6499,6499.0
la penne-sur-huveaune,1,6495,6495.0
villers-saint-paul,1,6489,6489.0
guer,3,6477,2159.0
montech,1,6469,6469.0
prades,1,6465,6465.0
baud,1,6454,6454.0
parentis-en-born,3,6442,2147.0
ciboure,1,6430,6430.0
commentry,2,6427,3214.0
doullens,1,6412,6412.0
entrelacs,1,6399,6399.0
cognin,1,6381,6381.0
revin,1,6379,6379.0
la montagne,1,6379,6379.0
mesnils-sur-iton,2,6374,3187.0
pavilly,1,6364,6364.0
corbie,1,6363,6363.0
montdidier,2,6359,3180.0
bon-encontre,2,6346,3173.0
mer,2,6346,3173.0
thyez,1,6346,6346.0
marsillargues,1,6324,6324.0
vendargues,1,6315,6315.0
terrasson-lavilledieu,1,6308,6308.0
lavelanet,1,6305,6305.0
gignac,1,6303,6303.0
puilboreau,2,6299,3150.0
hersin-coupigny,1,6287,6287.0
blanzy,1,6286,6286.0
castries,1,6280,6280.0
loon-plage,2,6269,3134.0
gouesnou,1,6246,6246.0
lezoux,1,6225,6225.0
saint-marcel,1,6222,6222.0
thoiry,1,6215,6215.0
saint-alban-leysse,1,6213,6213.0
vexin-sur-epte,2,6202,3101.0
saint-genest-lerpt,1,6201,6201.0
algrange,3,6200,2067.0
aurec-sur-loire,1,6194,6194.0
sains-en-gohelle,1,6183,6183.0
gournay-en-bray,2,6169,3084.0
vigneux-de-bretagne,1,6157,6157.0
pierrefeu-du-var,4,6149,1537.0
saint-arnoult-en-yvelines,1,6139,6139.0
vaison-la-romaine,1,6137,6137.0
elven,2,6137,3068.0
mallemort,1,6132,6132.0
gond-pontouvre,1,6124,6124.0
nandy,1,6107,6107.0
nogent-sur-seine,2,6097,3048.0
montauban-de-bretagne,2,6082,3041.0
combourg,1,6075,6075.0
maule,2,6075,3038.0
mutzig,1,6061,6061.0
fontenilles,1,6059,6059.0
le lavandou,1,6047,6047.0
saint-martin-lez-tatinghem,1,6042,6042.0
bois-le-roi,1,6025,6025.0
plescop,1,6022,6022.0
palavas-les-flots,1,6020,6020.0
douvaine,1,6019,6019.0
noyelles-godault,1,6007,6007.0
coursan,1,6001,6001.0
lannemezan,1,5996,5996.0
villemur-sur-tarn,1,5993,5993.0
sathonay-camp,1,5993,5993.0
trans-en-provence,2,5983,2992.0
jonage,1,5978,5978.0
noves,2,5966,2983.0
dol-de-bretagne,1,5958,5958.0
annezin,1,5944,5944.0
saint-mandrier-sur-mer,1,5931,5931.0
dourges,3,5931,1977.0
saint-jorioz,1,5927,5927.0
saulx-les-chartreux,1,5927,5927.0
gray,1,5916,5916.0
nieul-sur-mer,1,5903,5903.0
tournus,1,5885,5885.0
fayence,1,5881,5881.0
izon,1,5875,5875.0
altkirch,1,5870,5870.0
saint-galmier,2,5864,2932.0
challes-les-eaux,1,5864,5864.0
saint-jory,2,5857,2928.0
pluneret,1,5855,5855.0
benfeld,1,5849,5849.0
roye,4,5848,1462.0
bellevigne-en-layon,1,5843,5843.0
calvisson,1,5842,5842.0
lucciana,1,5829,5829.0
erdre-en-anjou,3,5829,1943.0
menucourt,1,5824,5824.0
carbonne,1,5816,5816.0
chevreuse,1,5810,5810.0
plouay,1,5797,5797.0
santes,1,5778,5778.0
rabastens,2,5764,2882.0
riantec,1,5761,5761.0
aubignan,1,5752,5752.0
briec,1,5742,5742.0
bons-en-chablais,2,5736,2868.0
dives-sur-mer,1,5732,5732.0
beaurains,1,5729,5729.0
mirecourt,1,5728,5728.0
wormhout,1,5718,5718.0
magny-en-vexin,2,5715,2858.0
merville,1,5710,5710.0
lannilis,1,5706,5706.0
saint-gervais-les-bains,3,5702,1901.0
montbonnot-saint-martin,1,5692,5692.0
valdahon,1,5692,5692.0
simiane-collongue,1,5687,5687.0
chessy,1,5683,5683.0
saint-zacharie,2,5682,2841.0
saint-martin-la-pallu,1,5642,5642.0
marnaz,1,5637,5637.0
sainghin-en-weppes,1,5637,5637.0
port-la-nouvelle,2,5636,2818.0
sausheim,1,5622,5622.0
dompierre-sur-mer,1,5621,5621.0
chagny,2,5616,2808.0
gan,1,5615,5615.0
saint-martin-de-seignanx,1,5613,5613.0
heillecourt,1,5611,5611.0
marles-les-mines,1,5608,5608.0
saint-astier,1,5590,5590.0
saint-memmie,2,5589,2794.0
le port-marly,1,5589,5589.0
le barp,1,5587,5587.0
clapiers,1,5579,5579.0
nuits-saint-georges,1,5577,5577.0
genay,1,5574,5574.0
sigean,1,5571,5571.0
wallers,1,5565,5565.0
la ville-aux-dames,2,5562,2781.0
mouroux,1,5549,5549.0
grand-champ,1,5535,5535.0
souppes-sur-loing,1,5498,5498.0
calonne-ricouart,1,5487,5487.0
plouhinec,1,5479,5479.0
saint-georges-de-didonne,1,5471,5471.0
audruicq,5,5465,1093.0
loison-sous-lens,1,5457,5457.0
chazelles-sur-lyon,2,5454,2727.0
douvrin,2,5449,2724.0
la souterraine,2,5448,2724.0
sully-sur-loire,1,5439,5439.0
faulquemont,2,5394,2697.0
longuyon,2,5381,2690.0
valence,3,5377,1792.0
sillingy,1,5371,5371.0
mouy,1,5363,5363.0
penmarch,1,5361,5361.0
gauchy,3,5360,1787.0
piolenc,1,5357,5357.0
saint-privat-des-vieux,1,5309,5309.0
briare,1,5303,5303.0
mulsanne,2,5301,2650.0
montbard,1,5282,5282.0
salbris,1,5268,5268.0
rosheim,1,5258,5258.0
mouguerre,1,5248,5248.0
morcenx-la-nouvelle,3,5230,1743.0
condat-sur-vienne,1,5229,5229.0
vindry-sur-turdine,1,5226,5226.0
lambres-lez-douai,1,5226,5226.0
baume-les-dames,1,5226,5226.0
bauvin,2,5223,2612.0
sainte-marie-aux-mines,1,5220,5220.0
fenouillet,1,5219,5219.0
vittel,1,5216,5216.0
cancale,1,5211,5211.0
grans,1,5200,5200.0
la balme-de-sillingy,1,5199,5199.0
saint-germain-du-puy,1,5199,5199.0
drusenheim,1,5196,5196.0
bogny-sur-meuse,2,5174,2587.0
marquise,3,5148,1716.0
bessan,1,5141,5141.0
argenton-sur-creuse,2,5140,2570.0
muzillac,1,5139,5139.0
blendecques,2,5135,2568.0
yffiniac,1,5117,5117.0
florensac,1,5099,5099.0
cluny,2,5098,2549.0
tourves,1,5097,5097.0
conches-en-ouche,2,5095,2548.0
saint-michel-chef-chef,4,5078,1270.0
beaucourt,2,5070,2535.0
saint-gilles,2,5066,2533.0
le quesnoy,2,5065,2532.0
gruissan,2,5063,2532.0
saint-sever,3,5053,1684.0
vernaison,3,5052,1684.0
plateau d'hauteville,1,5031,5031.0
desvres,1,5024,5024.0
pulnoy,2,5021,2510.0
seichamps,1,5013,5013.0
beaurepaire,1,5003,5003.0
bourbon-lancy,3,5000,1667.0
habsheim,1,4991,4991.0
le trait,2,4987,2494.0
phalsbourg,1,4986,4986.0
lacanau,1,4985,4985.0
fleury-sur-orne,1,4985,4985.0
caumont-sur-durance,1,4984,4984.0
villeneuve-en-retz,3,4982,1661.0
le bourget-du-lac,1,4964,4964.0
marvejols,1,4963,4963.0
val d'erdre-auxence,2,4952,2476.0
sangatte,1,4946,4946.0
pauillac,1,4945,4945.0
graveson,1,4944,4944.0
maen roch,1,4944,4944.0
pompey,1,4938,4938.0
villenoy,1,4935,4935.0
guise,1,4929,4929.0
fumel,1,4926,4926.0
haillicourt,1,4923,4923.0
herrlisheim,1,4912,4912.0
saint-paul-en-jarez,1,4904,4904.0
saint-marcellin-en-forez,1,4898,4898.0
barbezieux-saint-hilaire,3,4895,1632.0
bousbecque,1,4877,4877.0
le versoud,1,4874,4874.0
rognes,1,4862,4862.0
mormant,2,4856,2428.0
barberaz,1,4843,4843.0
banyuls-sur-mer,1,4838,4838.0
montigny-en-ostrevent,1,4838,4838.0
sainte-marie-la-mer,1,4834,4834.0
billom,1,4825,4825.0
montville,1,4814,4814.0
baisieux,1,4813,4813.0
heyrieux,1,4795,4795.0
lamotte-beuvron,1,4788,4788.0
saint-nicolas,2,4788,2394.0
lisle-sur-tarn,1,4778,4778.0
dagneux,1,4772,4772.0
laigneville,1,4772,4772.0
phalempin,1,4769,4769.0
auchy-les-mines,1,4765,4765.0
valleiry,1,4757,4757.0
mignaloux-beauvoir,1,4751,4751.0
bretignolles-sur-mer,1,4750,4750.0
verneuil-en-halatte,1,4747,4747.0
bouloc,1,4743,4743.0
saint-martin-des-champs,1,4738,4738.0
les monts d'aunay,2,4734,2367.0
lorette,1,4732,4732.0
vitry-en-artois,1,4726,4726.0
langeais,2,4718,2359.0
nozay,1,4715,4715.0
guesnain,1,4713,4713.0
ham,2,4708,2354.0
saint-jean-de-bournay,1,4699,4699.0
nivillac,1,4696,4696.0
munster,2,4688,2344.0
craon,1,4685,4685.0
friville-escarbotin,1,4672,4672.0
camaret-sur-aigues,1,4655,4655.0
avesnes-sur-helpe,1,4642,4642.0
samer,1,4639,4639.0
thourotte,1,4632,4632.0
selles-sur-cher,1,4631,4631.0
les garennes sur loire,1,4629,4629.0
saint-marcel,1,4629,4629.0
sainte-soulle,1,4623,4623.0
luzarches,2,4620,2310.0
kaysersberg vignoble,1,4618,4618.0
robion,1,4603,4603.0
grimaud,1,4601,4601.0
soucieu-en-jarrest,1,4598,4598.0
valence-en-poitou,1,4591,4591.0
villefranche-de-lauragais,3,4580,1527.0
saint-pierre-de-chandieu,1,4578,4578.0
morestel,1,4568,4568.0
iffendic,2,4561,2280.0
marans,1,4561,4561.0
mimet,1,4560,4560.0
aime-la-plagne,2,4554,2277.0
breteuil,2,4544,2272.0
jarnac,1,4536,4536.0
cours,4,4529,1132.0
leuville-sur-orge,1,4528,4528.0
bray-dunes,2,4527,2264.0
la turballe,1,4523,4523.0
noues de sienne,1,4523,4523.0
surzur,1,4520,4520.0
ornans,2,4517,2258.0
cabannes,2,4500,2250.0
maraussan,1,4496,4496.0
semur-en-auxois,1,4492,4492.0
vouziers,1,4489,4489.0
niederbronn-les-bains,1,4488,4488.0
auberchicourt,2,4480,2240.0
ardres,1,4475,4475.0
hallennes-lez-haubourdin,1,4471,4471.0
is-sur-tille,1,4458,4458.0
poligny,1,4454,4454.0
breteuil,2,4454,2227.0
morigny-champigny,1,4452,4452.0
villard-de-lans,2,4434,2217.0
bas-en-basset,1,4432,4432.0
pons,1,4431,4431.0
brionne,1,4430,4430.0
torigny-les-villes,2,4408,2204.0
flayosc,2,4396,2198.0
le val,1,4391,4391.0
gonfaron,1,4380,4380.0
jouarre,1,4379,4379.0
le pouliguen,1,4376,4376.0
le neubourg,1,4375,4375.0
maintenon,1,4371,4371.0
clarensac,1,4361,4361.0
leffrinckoucke,1,4358,4358.0
sainte-anne,1,4356,4356.0
la plaine-sur-mer,1,4351,4351.0
cheval-blanc,1,4351,4351.0
athis-val de rouvre,1,4343,4343.0
chaponnay,1,4338,4338.0
rives de l'yon,1,4335,4335.0
nanteuil-le-haudouin,2,4334,2167.0
barbentane,1,4332,4332.0
vinay,1,4324,4324.0
vinon-sur-verdon,1,4321,4321.0
brives-charensac,3,4320,1440.0
soullans,1,4312,4312.0
aramon,1,4311,4311.0
saint-nabord,1,4297,4297.0
fourchambault,1,4287,4287.0
plougonvelin,2,4273,2136.0
saint-just-malmont,1,4270,4270.0
valras-plage,1,4265,4265.0
provin,2,4263,2132.0
pont-de-roide-vermondans,1,4260,4260.0
terres-de-caux,1,4252,4252.0
macau,1,4249,4249.0
pignans,1,4246,4246.0
duclair,2,4245,2122.0
prigonrieux,1,4235,4235.0
sainte-menehould,1,4234,4234.0
saint-jeannet,1,4234,4234.0
valgelon-la rochette,1,4215,4215.0
marckolsheim,1,4215,4215.0
allevard,1,4210,4210.0
plumergat,1,4205,4205.0
port-vendres,1,4204,4204.0
offemont,1,4204,4204.0
bapaume,1,4202,4202.0
ormes,1,4200,4200.0
nozay,1,4195,4195.0
bresles,1,4191,4191.0
ligny-en-barrois,1,4190,4190.0
saint-mihiel,1,4187,4187.0
saint-pierre,8,4178,522.0
rousson,1,4177,4177.0
redessan,1,4172,4172.0
saint-romain-de-colbosc,1,4172,4172.0
grisolles,1,4169,4169.0
saint-valery-en-caux,2,4167,2084.0
saint-savin,2,4156,2078.0
nogent-le-roi,2,4151,2076.0
le croisic,1,4147,4147.0
la tour-de-salvagny,1,4146,4146.0
la norville,1,4139,4139.0
la haye,1,4124,4124.0
biache-saint-vaast,1,4115,4115.0
truchtersheim,1,4110,4110.0
caissargues,1,4105,4105.0
ingwiller,1,4101,4101.0
chavagne,1,4093,4093.0
plouhinec,1,4093,4093.0
anneyron,2,4091,2046.0
benet,1,4086,4086.0
aulnat,2,4085,2042.0
bollwiller,3,4082,1361.0
fouras,3,4082,1361.0
le houlme,1,4079,4079.0
tourrettes-sur-loup,1,4078,4078.0
trouy,1,4075,4075.0
montreuil-bellay,1,4071,4071.0
rousies,1,4071,4071.0
saint-vallier,2,4067,2034.0
campbon,2,4067,2034.0
folschviller,1,4065,4065.0
raimbeaucourt,1,4058,4058.0
saint-romain-le-puy,1,4058,4058.0
la gacilly,1,4055,4055.0
terranjou,1,4050,4050.0
saint-hippolyte-du-fort,1,4043,4043.0
angoulins,2,4039,2020.0
vagney,1,4035,4035.0
bouzonville,2,4027,2014.0
hochfelden,1,4025,4025.0
gravigny,1,4021,4021.0
tavaux,1,4012,4012.0
allassac,1,4006,4006.0
erquy,1,4004,4004.0
saint-aubin-du-cormier,1,3998,3998.0
bourg-achard,2,3996,1998.0
eauze,1,3992,3992.0
allaire,1,3979,3979.0
condrieu,1,3977,3977.0
genilac,1,3971,3971.0
beauvoir-sur-mer,1,3964,3964.0
suippes,1,3960,3960.0
presles,1,3956,3956.0
ardentes,2,3945,1972.0
mozac,1,3942,3942.0
beaumont-de-lomagne,2,3933,1966.0
fougerolles-saint-valbert,1,3931,3931.0
thumeries,1,3931,3931.0
le castellet,1,3927,3927.0
forges-les-bains,1,3926,3926.0
fontaine-le-comte,1,3926,3926.0
toufflers,1,3924,3924.0
saint-fulgent,1,3923,3923.0
dun-sur-auron,1,3921,3921.0
clamecy,1,3920,3920.0
bretteville-sur-odon,1,3913,3913.0
sospel,3,3901,1300.0
la croix-valmer,4,3901,975.0
verberie,1,3900,3900.0
saint-nolff,2,3899,1950.0
bartenheim,1,3889,3889.0
fleury,1,3888,3888.0
saint-mard,1,3885,3885.0
montferrier-sur-lez,1,3881,3881.0
le may-sur-èvre,1,3875,3875.0
grand bourgtheroulde,1,3874,3874.0
vaux-sur-mer,1,3873,3873.0
peyrehorade,1,3870,3870.0
oudon,1,3870,3870.0
givry,1,3860,3860.0
bellignat,1,3859,3859.0
arnas,1,3856,3856.0
boos,1,3855,3855.0
turckheim,1,3855,3855.0
mauriac,1,3844,3844.0
loperhet,1,3842,3842.0
saint-martin-la-plaine,3,3829,1276.0
la chaize-le-vicomte,1,3828,3828.0
rochechouart,1,3827,3827.0
boissise-le-roi,1,3816,3816.0
coudoux,1,3816,3816.0
nogent,1,3815,3815.0
meurchin,1,3810,3810.0
bressols,1,3801,3801.0
plouarzel,1,3785,3785.0
gallargues-le-montueux,1,3783,3783.0
chauffailles,2,3777,1888.0
saint-symphorien-sur-coise,1,3776,3776.0
charlieu,3,3772,1257.0
le pont-de-beauvoisin,1,3771,3771.0
pujols,1,3770,3770.0
groisy,1,3769,3769.0
limonest,1,3765,3765.0
servon-sur-vilaine,1,3761,3761.0
richwiller,1,3750,3750.0
argences,1,3748,3748.0
langeac,1,3742,3742.0
gallardon,1,3727,3727.0
villieu-loyes-mollon,1,3717,3717.0
saint-germain-laprade,1,3716,3716.0
lumbres,1,3701,3701.0
vrigne aux bois,2,3701,1850.0
pleslin-trigavou,1,3701,3701.0
bavans,2,3700,1850.0
neuilly-en-thelle,1,3697,3697.0
violaines,1,3697,3697.0
isigny-sur-mer,2,3684,1842.0
fontvieille,1,3682,3682.0
avesnes-les-aubert,1,3674,3674.0
fay-de-bretagne,1,3674,3674.0
soorts-hossegor,1,3670,3670.0
le thuit de l'oison,1,3670,3670.0
verson,1,3668,3668.0
deauville,1,3665,3665.0
breteil,1,3660,3660.0
bosroumois,2,3655,1828.0
neuvic,1,3655,3655.0
petit-mars,1,3653,3653.0
montmirail,1,3648,3648.0
chavagnes-en-paillers,1,3638,3638.0
varennes-sur-allier,1,3633,3633.0
les belleville,1,3611,3611.0
bains-sur-oust,2,3609,1804.0
rupt-sur-moselle,1,3592,3592.0
landrecies,1,3590,3590.0
azay-le-rideau,1,3589,3589.0
bourcefranc-le-chapus,1,3573,3573.0
ruffec,1,3571,3571.0
sainte-catherine,1,3567,3567.0
vic-fezensac,1,3558,3558.0
aubusson,2,3551,1776.0
villaz,1,3551,3551.0
canet,1,3548,3548.0
arbois,2,3544,1772.0
marines,1,3543,3543.0
fumay,1,3541,3541.0
salindres,1,3535,3535.0
les lucs-sur-boulogne,1,3534,3534.0
varennes-sur-seine,1,3532,3532.0
plouescat,1,3528,3528.0
nay,1,3524,3524.0
prinquiau,1,3524,3524.0
taninges,1,3517,3517.0
montsoult,1,3516,3516.0
malville,1,3515,3515.0
villeneuve-la-guyard,2,3513,1756.0
la rochette,1,3510,3510.0
la roche-blanche,1,3489,3489.0
carling,3,3488,1163.0
roscoff,1,3488,3488.0
artix,1,3488,3488.0
locoal-mendon,1,3481,3481.0
saint-michel,2,3475,1738.0
gerstheim,1,3472,3472.0
colomars,1,3465,3465.0
messimy,1,3465,3465.0
saint-didier-en-velay,1,3454,3454.0
brou,1,3440,3440.0
boujan-sur-libron,1,3433,3433.0
saint-calais,1,3431,3431.0
crach,1,3431,3431.0
brassac-les-mines,1,3430,3430.0
vimoutiers,1,3428,3428.0
elliant,1,3412,3412.0
saint-julien-les-rosiers,1,3410,3410.0
sauvagnon,1,3409,3409.0
rostrenen,1,3405,3405.0
isigny-le-buat,1,3402,3402.0
apprieu,1,3401,3401.0
magalas,1,3400,3400.0
saint-jeoire,1,3397,3397.0
wizernes,1,3397,3397.0
mertzwiller,2,3395,1698.0
pont-sur-yonne,1,3395,3395.0
saint-cast-le-guildo,2,3392,1696.0
weyersheim,1,3392,3392.0
bischoffsheim,3,3388,1129.0
aigues-vives,1,3385,3385.0
illiers-combray,1,3385,3385.0
genech,1,3342,3342.0
lampertheim,1,3333,3333.0
bourg-des-comptes,1,3332,3332.0
coubon,1,3331,3331.0
sarrola-carcopino,1,3329,3329.0
saint-romain-de-jalionas,3,3329,1110.0
airvault,1,3328,3328.0
picauville,1,3317,3317.0
chaumontel,1,3316,3316.0
chasseneuil-sur-bonnieure,3,3315,1105.0
les pieux,1,3312,3312.0
saint-georges-des-groseillers,1,3311,3311.0
tartas,2,3304,1652.0
amfreville-la-mi-voie,1,3302,3302.0
saint-just,1,3298,3298.0
dieulefit,1,3297,3297.0
montendre,3,3297,1099.0
treize-septiers,1,3290,3290.0
villelongue-de-la-salanque,1,3289,3289.0
saint-ouen,2,3283,1642.0
attignat,1,3275,3275.0
andeville,1,3272,3272.0
exincourt,1,3272,3272.0
cornimont,1,3270,3270.0
la tessoualle,3,3269,1090.0
la boisse,2,3267,1634.0
anor,2,3267,1634.0
callian,1,3266,3266.0
saint-michel,2,3266,1633.0
saint-sulpice-de-royan,1,3264,3264.0
valensole,1,3263,3263.0
sainte-bazeille,1,3262,3262.0
knutange,1,3261,3261.0
voujeaucourt,1,3259,3259.0
quissac,1,3251,3251.0
renaison,1,3249,3249.0
saint-nicolas-de-redon,1,3247,3247.0
les fins,1,3247,3247.0
saint-savin,2,3245,1622.0
arleux,1,3244,3244.0
arcangues,1,3240,3240.0
proville,1,3238,3238.0
modane,2,3235,1618.0
druelle balsac,2,3234,1617.0
le porge,2,3232,1616.0
la chapelle-en-serval,1,3225,3225.0
saint-yvi,1,3223,3223.0
charolles,2,3220,1610.0
appoigny,1,3219,3219.0
thierville-sur-meuse,1,3215,3215.0
mortain-bocage,1,3208,3208.0
magnac-sur-touvre,1,3207,3207.0
rue,2,3204,1602.0
castillon-la-bataille,1,3202,3202.0
lapalisse,2,3201,1600.0
saint-ambroix,2,3201,1600.0
afa,1,3198,3198.0
emmerin,1,3195,3195.0
portiragnes,1,3194,3194.0
meschers-sur-gironde,1,3174,3174.0
bonifacio,2,3173,1586.0
berlaimont,1,3166,3166.0
merdrignac,1,3165,3165.0
nontron,1,3160,3160.0
lailly-en-val,1,3157,3157.0
lansargues,2,3155,1578.0
buchelay,1,3154,3154.0
la sentinelle,2,3152,1576.0
saint-erblon,1,3147,3147.0
mauron,1,3145,3145.0
villers-bocage,2,3143,1572.0
tence,1,3143,3143.0
pers-jussy,1,3142,3142.0
neuvecelle,1,3140,3140.0
gasny,2,3139,1570.0
dieuze,1,3137,3137.0
marsilly,1,3133,3133.0
senonches,1,3132,3132.0
lavernose-lacasse,1,3127,3127.0
sancoins,1,3124,3124.0
saint-hilaire-saint-mesmin,1,3123,3123.0
saint-quentin-la-poterie,1,3117,3117.0
thurins,1,3112,3112.0
doubs,1,3110,3110.0
le cheylard,1,3108,3108.0
saint-laurent-des-arbres,1,3108,3108.0
cany-barville,1,3105,3105.0
dompierre-sur-besbre,1,3097,3097.0
la chapelle-launay,1,3094,3094.0
camors,1,3091,3091.0
gargas,1,3087,3087.0
allonnes,1,3084,3084.0
gimont,2,3082,1541.0
culoz,1,3082,3082.0
saint-hippolyte,1,3081,3081.0
rodilhan,1,3075,3075.0
basse-pointe,1,3071,3071.0
montlignon,1,3068,3068.0
galgon,1,3065,3065.0
saint-selve,1,3063,3063.0
longny les villages,1,3059,3059.0
chorges,1,3053,3053.0
saint-maximin,1,3049,3049.0
sainte-croix-en-plaine,1,3043,3043.0
boutigny-sur-essonne,1,3039,3039.0
quintin,1,3038,3038.0
ibos,1,3032,3032.0
wassy,2,3031,1516.0
rion-des-landes,1,3029,3029.0
soubise,1,3027,3027.0
rouillac,1,3026,3026.0
les houches,1,3020,3020.0
barjols,3,3020,1007.0
seiches-sur-le-loir,1,3020,3020.0
sainte-anne-sur-brivet,2,3019,1510.0
fresnay-sur-sarthe,3,3015,1005.0
velleron,1,3013,3013.0
yenne,1,3012,3012.0
montbazin,1,3012,3012.0
montmeyran,1,3011,3011.0
beauzac,1,3001,3001.0
tosse,2,3001,1500.0
ailly-sur-somme,2,2993,1496.0
rouans,1,2993,2993.0
retournac,1,2988,2988.0
montberon,2,2987,1494.0
pleudihen-sur-rance,1,2986,2986.0
batz-sur-mer,1,2981,2981.0
bourg-argental,1,2979,2979.0
dormans,1,2976,2976.0
breuillet,2,2975,1488.0
la tranche-sur-mer,1,2969,2969.0
crouy,1,2952,2952.0
arcis-sur-aube,1,2950,2950.0
meslay-du-maine,2,2945,1472.0
pringy,1,2943,2943.0
spay,1,2938,2938.0
mareuil-sur-lay-dissais,1,2938,2938.0
chavanay,1,2935,2935.0
saint-jean-en-royans,2,2935,1468.0
tourrettes,1,2935,2935.0
wignehies,1,2934,2934.0
saint-jean-de-liversay,1,2932,2932.0
aoste,1,2932,2932.0
mouchamps,2,2930,1465.0
bordes,2,2924,1462.0
saint-aignan,1,2924,2924.0
venarey-les-laumes,1,2921,2921.0
fraize,1,2918,2918.0
sains-du-nord,1,2918,2918.0
courville-sur-eure,2,2911,1456.0
gries,1,2906,2906.0
beaumont,2,2905,1452.0
saint-baldoph,1,2902,2902.0
montblanc,1,2899,2899.0
polignac,1,2899,2899.0
la motte,1,2896,2896.0
burbure,2,2895,1448.0
donnery,1,2893,2893.0
coupvray,1,2892,2892.0
goderville,1,2891,2891.0
mouzillon,1,2882,2882.0
donnemarie-dontilly,1,2880,2880.0
saint-georges-sur-eure,1,2870,2870.0
roiffieux,1,2870,2870.0
crevin,1,2867,2867.0
sarre-union,1,2867,2867.0
saint-germain-laval,2,2863,1432.0
rozay-en-brie,1,2862,2862.0
pont-aven,1,2859,2859.0
mers-les-bains,1,2858,2858.0
angles,2,2852,1426.0
bignan,1,2852,2852.0
smarves,1,2851,2851.0
villaines-la-juhel,1,2851,2851.0
chasselay,1,2849,2849.0
valencin,2,2847,1424.0
ambronay,1,2841,2841.0
pierres,1,2839,2839.0
la couture,1,2836,2836.0
houppeville,1,2830,2830.0
cauchy-à-la-tour,1,2829,2829.0
anzin-saint-aubin,1,2828,2828.0
confolens,1,2825,2825.0
ancerville,1,2816,2816.0
chavanod,1,2810,2810.0
sussargues,1,2806,2806.0
toucy,1,2802,2802.0
barcelonnette,1,2800,2800.0
vieux-charmont,1,2798,2798.0
saint-martin-du-tertre,1,2791,2791.0
civray,3,2788,929.0
laruscade,1,2785,2785.0
val d'oust,1,2780,2780.0
montigny-sur-loing,1,2777,2777.0
lans-en-vercors,1,2776,2776.0
damparis,1,2774,2774.0
grandparigny,1,2770,2770.0
haspres,2,2762,1381.0
camiers,1,2760,2760.0
ivry-la-bataille,1,2753,2753.0
villenauxe-la-grande,1,2752,2752.0
maisse,1,2751,2751.0
la broque,1,2750,2750.0
vernou-sur-brenne,1,2748,2748.0
montayral,1,2746,2746.0
cosnes-et-romain,2,2745,1372.0
salins-les-bains,1,2736,2736.0
charleval,1,2736,2736.0
bernes-sur-oise,1,2735,2735.0
portets,1,2735,2735.0
criel-sur-mer,1,2734,2734.0
les vans,1,2734,2734.0
saint-michel-de-maurienne,1,2731,2731.0
maignelay-montigny,1,2731,2731.0
saint-nazaire,12,2728,227.0
avelin,1,2724,2724.0
granges-aumontzey,1,2724,2724.0
saint-geours-de-maremne,2,2721,1360.0
stenay,1,2721,2721.0
chatte,2,2721,1360.0
amancy,1,2719,2719.0
donzenac,1,2715,2715.0
rosselange,1,2711,2711.0
saint-gervais,1,2706,2706.0
marigny-le-lozon,1,2703,2703.0
chef-boutonne,1,2695,2695.0
percy-en-normandie,1,2688,2688.0
breuil-le-sec,2,2686,1343.0
lusignan,1,2686,2686.0
saint-molf,1,2679,2679.0
richebourg,1,2678,2678.0
dorlisheim,3,2678,893.0
montmoreau,2,2677,1338.0
eymet,1,2674,2674.0
saulxures-sur-moselotte,2,2674,1337.0
dommartin,2,2674,1337.0
toulenne,1,2668,2668.0
hilsenheim,3,2661,887.0
vervins,2,2660,1330.0
charly-sur-marne,1,2659,2659.0
val-revermont,1,2654,2654.0
andilly,1,2645,2645.0
caulnes,1,2640,2640.0
saint-branchs,1,2638,2638.0
arques-la-bataille,1,2636,2636.0
gamaches,1,2634,2634.0
damigny,1,2633,2633.0
neufchef,1,2633,2633.0
les salles-du-gardon,1,2626,2626.0
arelaune-en-seine,1,2622,2622.0
bazeilles,1,2612,2612.0
fruges,1,2611,2611.0
vibraye,2,2609,1304.0
le cheylas,1,2608,2608.0
cers,1,2607,2607.0
taluyers,1,2601,2601.0
saint-christophe-du-ligneron,1,2596,2596.0
labastidette,1,2596,2596.0
la fresnais,1,2594,2594.0
les auxons,2,2589,1294.0
chadrac,1,2586,2586.0
alixan,1,2584,2584.0
sainte-foy-la-grande,2,2584,1292.0
anizy-le-grand,1,2584,2584.0
morbecque,1,2581,2581.0
val-de-scie,1,2579,2579.0
saint-martin-de-fontenay,1,2579,2579.0
polliat,2,2572,1286.0
urcuit,1,2554,2554.0
saint-viaud,1,2552,2552.0
naves,1,2550,2550.0
vieux-berquin,1,2547,2547.0
port-sainte-foy-et-ponchapt,1,2544,2544.0
kilstett,1,2542,2542.0
hermes,1,2539,2539.0
saint-savinien,1,2539,2539.0
ennezat,1,2536,2536.0
ploumilliau,1,2534,2534.0
cheny,1,2534,2534.0
la jarne,1,2532,2532.0
souchez,2,2531,1266.0
rantigny,2,2528,1264.0
lamalou-les-bains,1,2528,2528.0
le chambon-sur-lignon,2,2527,1264.0
ventiseri,1,2527,2527.0
miremont,1,2526,2526.0
capinghem,2,2524,1262.0
puymoyen,1,2522,2522.0
boulange,1,2519,2519.0
courtisols,2,2519,1260.0
saulieu,1,2518,2518.0
pouilly-sous-charlieu,2,2516,1258.0
saint-cyprien,2,2515,1258.0
saint-jean-d'elle,1,2514,2514.0
ouveillan,2,2513,1256.0
illfurth,1,2513,2513.0
lay-saint-christophe,1,2509,2509.0
cayeux-sur-mer,2,2509,1254.0
bono,1,2508,2508.0
les touches,2,2505,1252.0
saint-louis,7,2501,357.0
lion-sur-mer,1,2500,2500.0
la roquebrussanne,1,2500,2500.0
le thoronet,1,2499,2499.0
saint-vigor-le-grand,1,2489,2489.0
colleville-montgomery,1,2478,2478.0
vaivre-et-montoille,1,2477,2477.0
santec,1,2471,2471.0
prayssac,2,2471,1236.0
neuville-sur-sarthe,1,2469,2469.0
nersac,1,2469,2469.0
coteaux du lizon,1,2468,2468.0
saint-quentin-de-baron,1,2465,2465.0
carcans,1,2459,2459.0
mornas,1,2453,2453.0
saint-julien,2,2450,1225.0
beaurepaire,1,2449,2449.0
saint-lunaire,1,2439,2439.0
le plessis-grammoire,1,2438,2438.0
selongey,1,2436,2436.0
beaumes-de-venise,1,2436,2436.0
frelinghien,1,2435,2435.0
castelculier,2,2427,1214.0
abondant,1,2426,2426.0
martres-tolosane,1,2425,2425.0
le russey,1,2423,2423.0
brazey-en-plaine,1,2422,2422.0
saultain,1,2414,2414.0
bubry,1,2411,2411.0
airaines,1,2410,2410.0
saint-martin-des-noyers,1,2410,2410.0
fontcouverte,1,2409,2409.0
maubourguet,2,2408,1204.0
tessy-bocage,1,2407,2407.0
saint-yzan-de-soudiac,1,2403,2403.0
fessenheim,1,2401,2401.0
seyssel,3,2399,800.0
morbier,1,2399,2399.0
mieussy,1,2399,2399.0
vignacourt,1,2398,2398.0
cassel,1,2390,2390.0
louargat,1,2389,2389.0
lamastre,1,2386,2386.0
franois,1,2380,2380.0
la richardais,1,2375,2375.0
calenzana,1,2372,2372.0
septeuil,2,2372,1186.0
nesle,1,2369,2369.0
brens,1,2368,2368.0
peyre en aubrac,1,2368,2368.0
nouan-le-fuzelier,1,2367,2367.0
pleubian,2,2364,1182.0
tigy,2,2363,1182.0
rioz,1,2360,2360.0
bois-de-haye,1,2359,2359.0
vendeuvre-sur-barse,1,2355,2355.0
saint-germain,2,2354,1177.0
saintes-maries-de-la-mer,1,2352,2352.0
aumetz,1,2350,2350.0
bachant,1,2349,2349.0
varennes-le-grand,1,2346,2346.0
sain-bel,1,2340,2340.0
huisseau-sur-cosson,1,2338,2338.0
maussane-les-alpilles,4,2337,584.0
saint-denis-en-bugey,1,2336,2336.0
marzan,1,2334,2334.0
bezouce,1,2331,2331.0
rochemaure,1,2330,2330.0
lauterbourg,1,2330,2330.0
plourivo,1,2329,2329.0
nonancourt,1,2328,2328.0
bresse vallons,1,2327,2327.0
saint-agathon,1,2326,2326.0
cessenon-sur-orb,1,2325,2325.0
rivedoux-plage,1,2325,2325.0
ychoux,1,2322,2322.0
bourbriac,1,2321,2321.0
saint-gobain,1,2320,2320.0
chablis,1,2318,2318.0
sainte-marie,1,2313,2313.0
izernore,1,2309,2309.0
marle,1,2305,2305.0
pont-de-vaux,1,2303,2303.0
saint-rambert-en-bugey,1,2302,2302.0
saint-denis-lanneray,1,2298,2298.0
piriac-sur-mer,1,2296,2296.0
perreux,1,2293,2293.0
lanmeur,1,2290,2290.0
saint-folquin,1,2287,2287.0
nouvion-sur-meuse,2,2286,1143.0
taupont,1,2285,2285.0
dannemarie,1,2284,2284.0
corbelin,1,2282,2282.0
ruoms,2,2281,1140.0
andilly,1,2268,2268.0
ballon-saint mars,1,2262,2262.0
bray-sur-seine,1,2261,2261.0
sainte-gemme-la-plaine,1,2257,2257.0
mirebeau,1,2251,2251.0
fressenneville,2,2250,1125.0
callac,1,2247,2247.0
fareins,1,2246,2246.0
malansac,1,2245,2245.0
chevannes,2,2240,1120.0
braine,1,2238,2238.0
villeneuve-en-perseigne,1,2238,2238.0
sarras,2,2234,1117.0
pussay,1,2231,2231.0
givrand,1,2228,2228.0
tende,1,2227,2227.0
muizon,1,2225,2225.0
trept,1,2225,2225.0
vitry-aux-loges,1,2222,2222.0
margencel,1,2222,2222.0
buxy,1,2221,2221.0
combloux,2,2219,1110.0
prahecq,2,2217,1108.0
saint-beauzire,1,2211,2211.0
salles-sur-mer,1,2211,2211.0
magescq,1,2208,2208.0
plouharnel,1,2208,2208.0
moirans-en-montagne,1,2206,2206.0
avanton,1,2204,2204.0
la chapelle-thouarault,2,2203,1102.0
cotignac,3,2203,734.0
belloy-en-france,1,2197,2197.0
peaugres,2,2196,1098.0
coursac,1,2193,2193.0
plouguin,1,2192,2192.0
domancy,1,2186,2186.0
roujan,1,2186,2186.0
amanvillers,1,2184,2184.0
burlats,1,2182,2182.0
messery,2,2181,1090.0
lagrave,1,2179,2179.0
saint-sauveur-le-vicomte,2,2173,1086.0
argeliers,1,2170,2170.0
lombez,2,2170,1085.0
bergheim,1,2170,2170.0
la motte,1,2166,2166.0
lavilledieu,1,2164,2164.0
formerie,1,2160,2160.0
frangy,1,2159,2159.0
saint-gelais,1,2154,2154.0
saint-lumine-de-clisson,1,2148,2148.0
bassan,1,2144,2144.0
montreuil,3,2144,715.0
argent-sur-sauldre,1,2142,2142.0
roche,1,2136,2136.0
saint-briac-sur-mer,1,2132,2132.0
beaufort,1,2131,2131.0
le gua,1,2130,2130.0
bourbonne-les-bains,1,2127,2127.0
val-cenis,2,2126,1063.0
sergy,1,2124,2124.0
sours,2,2121,1060.0
saint-gervais-en-belin,1,2120,2120.0
monsempron-libos,1,2120,2120.0
tencin,1,2119,2119.0
ramatuelle,1,2116,2116.0
chaulnes,1,2113,2113.0
rety,1,2112,2112.0
neuilly-saint-front,1,2112,2112.0
chessy,1,2111,2111.0
livry-sur-seine,1,2111,2111.0
baule,1,2111,2111.0
pommeret,1,2109,2109.0
le pont-de-beauvoisin,1,2106,2106.0
clohars-fouesnant,1,2106,2106.0
saint-julien,2,2100,1050.0
ploumoguer,1,2100,2100.0
soliers,1,2095,2095.0
potigny,1,2092,2092.0
jussac,2,2091,1046.0
sainte-jamme-sur-sarthe,1,2083,2083.0
sinceny,1,2082,2082.0
cavignac,1,2080,2080.0
naucelles,1,2080,2080.0
warhem,1,2075,2075.0
sornay,1,2074,2074.0
saint-uze,1,2068,2068.0
vimines,1,2066,2066.0
ormoy,1,2066,2066.0
reuilly,1,2064,2064.0
estevelles,1,2055,2055.0
muttersholtz,1,2051,2051.0
rieupeyroux,1,2045,2045.0
savigny-sur-braye,1,2045,2045.0
val-d'arc,1,2041,2041.0
saint-manvieu-norrey,1,2040,2040.0
vailly-sur-aisne,1,2040,2040.0
bellegarde-en-forez,1,2040,2040.0
verny,1,2040,2040.0
visan,2,2040,1020.0
serquigny,1,2034,2034.0
saint-marcel-sur-aude,2,2033,1016.0
cairon,1,2033,2033.0
bart,2,2033,1016.0
sales,1,2027,2027.0
lezay,1,2026,2026.0
luzy,1,2026,2026.0
chilleurs-aux-bois,1,2025,2025.0
craponne-sur-arzon,1,2023,2023.0
perthes,1,2019,2019.0
vireux-wallerand,1,2019,2019.0
bully,1,2019,2019.0
saint-germain-lembron,1,2017,2017.0
tavel,1,2014,2014.0
manziat,1,2012,2012.0
charron,1,2012,2012.0
monclar-de-quercy,1,2011,2011.0
ribemont,1,2009,2009.0
malijai,1,2005,2005.0
pouilley-les-vignes,2,2004,1002.0
saint-romain-en-gal,1,2001,2001.0
saint-martin-en-bresse,1,1998,1998.0
sundhoffen,1,1995,1995.0
gavray-sur-sienne,1,1994,1994.0
beaumont-sur-sarthe,1,1986,1986.0
vesseaux,1,1984,1984.0
lantriac,1,1982,1982.0
jouy,1,1980,1980.0
plaudren,1,1979,1979.0
saint-symphorien,1,1975,1975.0
masseube,1,1971,1971.0
monticello,1,1969,1969.0
rountzenheim-auenheim,1,1966,1966.0
vaucouleurs,1,1966,1966.0
serpaize,1,1964,1964.0
abzac,1,1963,1963.0
port-en-bessin-huppain,1,1962,1962.0
croisilles,1,1955,1955.0
sillans,1,1955,1955.0
la murette,1,1949,1949.0
cherveux,1,1947,1947.0
marcellaz-albanais,1,1947,1947.0
ger,1,1947,1947.0
pont-saint-vincent,2,1946,973.0
camps-la-source,1,1944,1944.0
damprichard,1,1942,1942.0
roquefort,1,1941,1941.0
saint-laurent-de-chamousset,1,1940,1940.0
malicorne-sur-sarthe,1,1938,1938.0
les bordes,1,1935,1935.0
conlie,1,1933,1933.0
lombron,2,1932,966.0
avesnes-le-comte,1,1932,1932.0
saint-joseph,5,1931,386.0
riscle,1,1930,1930.0
saint-gervasy,1,1926,1926.0
roquefort,1,1921,1921.0
saint-christo-en-jarez,1,1919,1919.0
bennecourt,1,1919,1919.0
saint-ouen,2,1918,959.0
artenay,1,1917,1917.0
saint-hilaire-du-rosier,1,1916,1916.0
val-de-meuse,1,1915,1915.0
frignicourt,2,1914,957.0
marcoing,1,1913,1913.0
jonchery-sur-vesle,1,1910,1910.0
peillac,1,1909,1909.0
beignon,1,1903,1903.0
esternay,1,1902,1902.0
neuvic,1,1902,1902.0
bretteville-sur-laize,1,1901,1901.0
bozel,1,1898,1898.0
sauzet,1,1897,1897.0
saint-gervais,1,1896,1896.0
puyloubier,1,1895,1895.0
rouxmesnil-bouteilles,1,1890,1890.0
amilly,1,1889,1889.0
civray-de-touraine,1,1885,1885.0
vers-pont-du-gard,1,1885,1885.0
sailly-lez-lannoy,1,1885,1885.0
perrignier,1,1882,1882.0
bardos,1,1878,1878.0
estissac,1,1874,1874.0
yzernay,1,1871,1871.0
saint-symphorien,1,1870,1870.0
willer-sur-thur,1,1866,1866.0
seingbouse,1,1865,1865.0
fleury-sur-andelle,2,1864,932.0
ambon,1,1863,1863.0
saugues,1,1863,1863.0
orval,2,1858,929.0
chavigny,1,1857,1857.0
saint-privat-la-montagne,1,1857,1857.0
maclas,1,1856,1856.0
beauchastel,1,1851,1851.0
la roche-maurice,1,1850,1850.0
saint-jean-pied-de-port,2,1850,925.0
vennecy,2,1849,924.0
burnhaupt-le-haut,1,1847,1847.0
artas,1,1847,1847.0
moustoir-ac,1,1844,1844.0
saint-aubin,1,1843,1843.0
assevent,1,1843,1843.0
saint-trivier-sur-moignans,1,1840,1840.0
marin,1,1840,1840.0
sorel-moussel,1,1839,1839.0
taradeau,1,1837,1837.0
eppeville,1,1834,1834.0
spycker,2,1834,917.0
apremont,1,1832,1832.0
saclas,1,1830,1830.0
bavent,1,1828,1828.0
perriers-sur-andelle,2,1828,914.0
dachstein,1,1823,1823.0
longueville,1,1821,1821.0
sainte-radegonde,1,1820,1820.0
saint-romans,1,1819,1819.0
neuvy,1,1819,1819.0
massiac,1,1818,1818.0
ferques,1,1816,1816.0
ambillou,1,1815,1815.0
thiberville,1,1815,1815.0
pommerit-le-vicomte,1,1810,1810.0
charleval,1,1810,1810.0
lanvollon,1,1808,1808.0
vix,1,1808,1808.0
felletin,1,1806,1806.0
le gua,1,1804,1804.0
saint-jean-le-vieux,1,1802,1802.0
cucuron,2,1799,900.0
canet,1,1796,1796.0
quarante,1,1793,1793.0
mamirolle,1,1793,1793.0
olonzac,1,1791,1791.0
le lardin-saint-lazare,2,1791,896.0
la clusaz,1,1789,1789.0
ingrandes,1,1787,1787.0
pinet,1,1782,1782.0
henrichemont,1,1781,1781.0
lannoy,1,1780,1780.0
saint-amant-tallende,2,1780,890.0
lasseube,1,1777,1777.0
flize,1,1775,1775.0
cercy-la-tour,2,1772,886.0
castelmoron-sur-lot,1,1772,1772.0
sierck-les-bains,2,1769,884.0
le theil-de-bretagne,1,1767,1767.0
saint-priest-sous-aixe,1,1766,1766.0
bazet,1,1763,1763.0
laroque-timbaut,1,1762,1762.0
pamproux,1,1762,1762.0
sillery,1,1761,1761.0
celles-sur-durolle,1,1761,1761.0
marcillac-vallon,1,1757,1757.0
oucques la nouvelle,1,1751,1751.0
baugy,1,1750,1750.0
bonnes,1,1750,1750.0
joyeuse,1,1750,1750.0
corneilhan,1,1747,1747.0
saint-nizier-sous-charlieu,1,1747,1747.0
viry-noureuil,1,1743,1743.0
zuydcoote,1,1736,1736.0
guipel,1,1734,1734.0
la francheville,1,1730,1730.0
ydes,1,1729,1729.0
damgan,1,1727,1727.0
cousances-les-forges,1,1720,1720.0
steenbecque,1,1720,1720.0
bizanet,1,1713,1713.0
ousse,1,1711,1711.0
ressons-sur-matz,2,1710,855.0
oletta,1,1709,1709.0
connaux,2,1708,854.0
krautergersheim,1,1706,1706.0
bellegarde,1,1703,1703.0
plainfaing,1,1703,1703.0
pietrosella,1,1701,1701.0
moosch,1,1700,1700.0
cazilhac,2,1700,850.0
domarin,1,1697,1697.0
fontaine-la-guyon,1,1696,1696.0
pont-de-salars,1,1695,1695.0
gilley,1,1693,1693.0
euville,1,1692,1692.0
pont-de-veyle,1,1690,1690.0
lucinges,1,1690,1690.0
messigny-et-vantoux,1,1690,1690.0
vasles,1,1686,1686.0
huisseau-sur-mauves,1,1685,1685.0
matignon,2,1685,842.0
chabanais,1,1684,1684.0
diebling,1,1682,1682.0
westhoffen,1,1677,1677.0
beaulon,1,1675,1675.0
vercel-villedieu-le-camp,1,1674,1674.0
champlitte,2,1673,836.0
caden,1,1669,1669.0
villemeux-sur-eure,1,1668,1668.0
lagnes,1,1667,1667.0
serre-les-sapins,2,1667,834.0
saint-germain-laval,2,1665,832.0
loyat,1,1665,1665.0
vue,1,1664,1664.0
cazaubon,1,1663,1663.0
dampierre-les-bois,1,1662,1662.0
aillevillers-et-lyaumont,1,1661,1661.0
plouezoc'h,1,1658,1658.0
perrecy-les-forges,1,1657,1657.0
vulbens,1,1656,1656.0
saint-mamert-du-gard,1,1655,1655.0
chaussin,1,1654,1654.0
arc-et-senans,1,1654,1654.0
les ormes,1,1653,1653.0
viriville,1,1652,1652.0
licques,1,1650,1650.0
esquerdes,1,1649,1649.0
chevannes,2,1649,824.0
martel,1,1647,1647.0
rohrwiller,1,1645,1645.0
authie,1,1642,1642.0
losne,1,1642,1642.0
belleneuve,1,1635,1635.0
soucy,1,1634,1634.0
mortagne-du-nord,1,1633,1633.0
sassenay,1,1631,1631.0
grenay,1,1626,1626.0
rochegude,1,1624,1624.0
toulon-sur-arroux,1,1624,1624.0
les magnils-reigniers,1,1618,1618.0
colombe,1,1617,1617.0
saint-hilaire-lez-cambrai,1,1616,1616.0
falleron,1,1613,1613.0
saint-martin-du-tertre,1,1612,1612.0
marcilly-sur-eure,1,1611,1611.0
cours-de-pile,1,1611,1611.0
pont-croix,1,1610,1610.0
poullan-sur-mer,1,1610,1610.0
rothau,1,1609,1609.0
briouze,1,1605,1605.0
saint-marcel,1,1604,1604.0
thaon,1,1602,1602.0
blausasc,1,1602,1602.0
pouilly-en-auxois,1,1601,1601.0
allonne,1,1601,1601.0
gouzon,1,1600,1600.0
montguyon,1,1599,1599.0
la roche-vineuse,1,1598,1598.0
molac,1,1597,1597.0
marigny-les-usages,1,1595,1595.0
saint-cyprien,2,1595,798.0
saint-paul,11,1592,145.0
crusnes,1,1591,1591.0
saint-nicolas-de-la-taille,1,1590,1590.0
vougy,1,1589,1589.0
moutiers,3,1587,529.0
taintrux,1,1585,1585.0
chazelles,1,1583,1583.0
fouquereuil,1,1582,1582.0
roye,4,1582,396.0
pomarez,1,1577,1577.0
hangenbieten,1,1577,1577.0
andres,1,1573,1573.0
bretagne-de-marsan,1,1572,1572.0
tallende,1,1563,1563.0
amou,1,1562,1562.0
bouvignies,1,1561,1561.0
zegerscappel,1,1561,1561.0
cadalen,1,1561,1561.0
cazilhac,2,1557,778.0
neuville-saint-vaast,1,1555,1555.0
la sauve,1,1553,1553.0
sainte-suzanne,2,1551,776.0
saint-jean-du-pin,1,1550,1550.0
froncles,1,1545,1545.0
munchhouse,2,1544,772.0
novillars,1,1542,1542.0
gabarret,1,1541,1541.0
gouzeaucourt,1,1539,1539.0
saint-sauveur-des-landes,1,1537,1537.0
dammarie,1,1535,1535.0
vougy,1,1530,1530.0
habas,2,1529,764.0
boulbon,1,1525,1525.0
pleaux,1,1524,1524.0
villebernier,1,1524,1524.0
mervans,1,1518,1518.0
gouaix,1,1513,1513.0
quinssaines,1,1512,1512.0
bellengreville,1,1510,1510.0
vicq,1,1508,1508.0
usson-en-forez,2,1507,754.0
beaufay,1,1506,1506.0
le doulieu,1,1500,1500.0
ortaffa,1,1500,1500.0
saint-julien,2,1497,748.0
saint-avit-saint-nazaire,1,1491,1491.0
arcey,1,1489,1489.0
meyenheim,1,1489,1489.0
leudeville,1,1488,1488.0
pompignan,1,1484,1484.0
rozier-en-donzy,1,1482,1482.0
vion,1,1481,1481.0
colombey-les-belles,1,1480,1480.0
alba-la-romaine,1,1479,1479.0
rabastens-de-bigorre,1,1479,1479.0
la chapelle-janson,1,1477,1477.0
richebourg,1,1477,1477.0
villers-bocage,2,1476,738.0
montcaret,1,1475,1475.0
vasselay,1,1474,1474.0
maretz,2,1473,736.0
castets et castillon,1,1470,1470.0
tronville-en-barrois,1,1468,1468.0
lieurey,1,1467,1467.0
bletterans,3,1465,488.0
saint-georges-haute-ville,1,1465,1465.0
damery,1,1464,1464.0
arnay-le-duc,1,1464,1464.0
vorey,1,1462,1462.0
belleville,2,1458,729.0
labatut,2,1453,726.0
tournehem-sur-la-hem,1,1453,1453.0
val-d'aigoual,1,1451,1451.0
le luart,1,1451,1451.0
grez-sur-loing,1,1451,1451.0
saint-pierre-du-regard,1,1441,1441.0
morre,1,1440,1440.0
thoiry,1,1438,1438.0
saint-hippolyte,1,1431,1431.0
saint-marcel-bel-accueil,1,1431,1431.0
lindry,1,1429,1429.0
levet,1,1426,1426.0
maroilles,1,1426,1426.0
diou,1,1423,1423.0
chavelot,1,1422,1422.0
le broc,1,1421,1421.0
norrent-fontes,1,1421,1421.0
neufgrange,1,1420,1420.0
arzano,1,1420,1420.0
amfreville,1,1419,1419.0
mouchard,2,1418,709.0
saint-martin-belle-roche,1,1418,1418.0
launac,1,1416,1416.0
aiserey,1,1413,1413.0
barcelonne-du-gers,1,1410,1410.0
sault,1,1404,1404.0
chilly,2,1403,702.0
clavette,1,1399,1399.0
retonfey,1,1399,1399.0
venizel,1,1395,1395.0
bains,1,1393,1393.0
moyaux,1,1392,1392.0
quilly,1,1391,1391.0
gouy-sous-bellonne,1,1387,1387.0
creissan,1,1386,1386.0
stosswihr,1,1386,1386.0
chamberet,1,1385,1385.0
montmartin-sur-mer,1,1382,1382.0
couches,1,1381,1381.0
mont-bernanchon,2,1381,690.0
louzy,1,1381,1381.0
steene,1,1379,1379.0
spechbach,1,1378,1378.0
andancette,1,1375,1375.0
coulombs,1,1371,1371.0
guerlesquin,2,1370,685.0
saint-usage,2,1370,685.0
saint-germain,2,1369,684.0
villiers-le-morhier,1,1367,1367.0
choisy-en-brie,1,1367,1367.0
montpeyroux,1,1365,1365.0
saint-usuge,1,1364,1364.0
muron,1,1361,1361.0
sancey,1,1359,1359.0
la haye-pesnel,1,1356,1356.0
ria-sirach,1,1355,1355.0
revel,3,1354,451.0
bellevigne,1,1354,1354.0
villebret,1,1352,1352.0
saint-aubin-des-ormeaux,1,1351,1351.0
aspach-le-bas,1,1349,1349.0
vicq-sur-breuilh,1,1349,1349.0
eyjeaux,1,1349,1349.0
le verdon-sur-mer,1,1346,1346.0
nouvion,2,1342,671.0
teting-sur-nied,1,1340,1340.0
rouziers-de-touraine,1,1339,1339.0
vacqueyras,2,1338,669.0
roussillon,1,1336,1336.0
la cluse-et-mijoux,1,1335,1335.0
meysse,1,1334,1334.0
ax-les-thermes,1,1332,1332.0
dugny-sur-meuse,1,1331,1331.0
meyssac,1,1328,1328.0
luriecq,1,1328,1328.0
villepinte,1,1327,1327.0
marcorignan,1,1327,1327.0
bracieux,1,1324,1324.0
brassac,1,1323,1323.0
lamarque,1,1321,1321.0
ogeu-les-bains,1,1318,1318.0
val-de-bonnieure,1,1318,1318.0
vayrac,1,1318,1318.0
vermenton,1,1316,1316.0
boeil-bezing,1,1312,1312.0
ballots,1,1312,1312.0
marciac,1,1310,1310.0
goussainville,1,1310,1310.0
landrethun-le-nord,1,1309,1309.0
fabrezan,1,1308,1308.0
montcresson,1,1307,1307.0
duras,1,1305,1305.0
mauzac,1,1304,1304.0
saint-marcel,1,1304,1304.0
wihr-au-val,1,1304,1304.0
saint-julien-de-coppel,1,1301,1301.0
bourgneuf,1,1298,1298.0
jardres,1,1297,1297.0
la ville-aux-clercs,1,1296,1296.0
muides-sur-loire,1,1295,1295.0
saint-genis-de-saintonge,1,1295,1295.0
niedernai,2,1292,646.0
le montsaugeonnais,1,1291,1291.0
bourth,1,1289,1289.0
longchamp,1,1289,1289.0
jumilhac-le-grand,1,1289,1289.0
nancray,1,1289,1289.0
saint-riquier,1,1288,1288.0
saint-trojan-les-bains,1,1285,1285.0
saint-amand-en-puisaye,1,1284,1284.0
mercy-le-bas,1,1284,1284.0
woincourt,1,1283,1283.0
chermignac,1,1281,1281.0
saint-laurent,2,1275,638.0
chanu,1,1274,1274.0
montlieu-la-garde,2,1274,637.0
saint-roch,1,1273,1273.0
gertwiller,1,1271,1271.0
troissereux,2,1265,632.0
oermingen,1,1265,1265.0
praz-sur-arly,1,1264,1264.0
dargnies,1,1264,1264.0
cartignies,1,1263,1263.0
fontenay,1,1260,1260.0
saint-paul,11,1259,114.0
pays-de-clerval,1,1258,1258.0
arzens,1,1256,1256.0
marcelcave,1,1256,1256.0
uzein,1,1255,1255.0
villiers-saint-georges,1,1252,1252.0
fleury,1,1250,1250.0
saint-priest,2,1250,625.0
jaujac,1,1250,1250.0
labastide-marnhac,1,1248,1248.0
saint-nazaire,12,1248,104.0
saint-augustin-des-bois,1,1246,1246.0
buhl-lorraine,1,1245,1245.0
prades,1,1244,1244.0
pexiora,1,1244,1244.0
tercis-les-bains,1,1241,1241.0
flaviac,1,1240,1240.0
chabreloche,1,1239,1239.0
paillet,1,1238,1238.0
arsac-en-velay,1,1237,1237.0
pouldergat,1,1236,1236.0
poulainville,1,1234,1234.0
le bernard,1,1233,1233.0
vieille-brioude,1,1233,1233.0
labergement-sainte-marie,1,1231,1231.0
tournay,1,1229,1229.0
calan,1,1229,1229.0
commer,1,1227,1227.0
gondrin,1,1226,1226.0
marsas,2,1226,613.0
andelnans,1,1221,1221.0
terssac,1,1221,1221.0
fougerolles-du-plessis,1,1220,1220.0
montricoux,1,1218,1218.0
mont,1,1217,1217.0
saint-mard,1,1216,1216.0
grignols,1,1215,1215.0
rolleville,1,1213,1213.0
plaissan,1,1212,1212.0
sainte-marie-de-gosse,1,1209,1209.0
marlieux,1,1207,1207.0
la roche-blanche,1,1207,1207.0
andance,1,1206,1206.0
cazes-mondenard,1,1206,1206.0
chailland,1,1205,1205.0
bois-le-roi,1,1203,1203.0
domgermain,1,1198,1198.0
saint-vite,1,1195,1195.0
jayat,1,1194,1194.0
innenheim,1,1194,1194.0
delettes,1,1194,1194.0
brens,1,1193,1193.0
igney,1,1193,1193.0
salvagnac,1,1192,1192.0
chantenay-saint-imbert,1,1192,1192.0
la magdelaine-sur-tarn,1,1192,1192.0
riotord,1,1191,1191.0
orval sur sienne,1,1190,1190.0
warluis,1,1189,1189.0
baix,1,1189,1189.0
pouru-saint-remy,1,1188,1188.0
moliets-et-maa,2,1186,593.0
saint antoine l'abbaye,1,1185,1185.0
yvignac-la-tour,1,1185,1185.0
laval-pradel,1,1184,1184.0
mareuil-le-port,1,1184,1184.0
baye,1,1183,1183.0
fresnes,2,1182,591.0
pont-sur-seine,1,1181,1181.0
vaiges,1,1180,1180.0
bazoges-en-pareds,1,1180,1180.0
les loges,1,1179,1179.0
sisco,1,1178,1178.0
lembras,1,1178,1178.0
sampans,1,1177,1177.0
samadet,1,1174,1174.0
pont-saint-pierre,1,1173,1173.0
savigny-en-revermont,1,1173,1173.0
lonrai,1,1171,1171.0
lafox,1,1171,1171.0
ableiges,1,1169,1169.0
la madeleine-de-nonancourt,1,1169,1169.0
saint-onen-la-chapelle,1,1168,1168.0
villeneuve-de-marc,1,1165,1165.0
ajain,1,1164,1164.0
la salvetat-sur-agout,1,1162,1162.0
mison,1,1161,1161.0
montaut,1,1156,1156.0
rougemont,1,1156,1156.0
petiville,1,1155,1155.0
saint-pardoux-isaac,1,1155,1155.0
le montat,1,1154,1154.0
saint-broladre,1,1154,1154.0
labastide-du-temple,1,1152,1152.0
roulans,1,1151,1151.0
mouleydier,1,1150,1150.0
saint-paul-et-valmalle,1,1144,1144.0
villeneuve-sur-bellot,1,1142,1142.0
berd'huis,1,1142,1142.0
senozan,1,1141,1141.0
saint-sauveur-de-montagut,1,1140,1140.0
le breuil-sur-couze,1,1139,1139.0
chassors,1,1139,1139.0
pezou,1,1138,1138.0
dun-le-palestel,1,1137,1137.0
couiza,1,1137,1137.0
saint-paul-cap-de-joux,1,1136,1136.0
delme,1,1133,1133.0
yquelon,2,1133,566.0
tour-en-sologne,1,1133,1133.0
mouthe,1,1133,1133.0
aigremont,1,1133,1133.0
jourgnac,1,1130,1130.0
chalabre,1,1130,1130.0
bernos-beaulac,2,1127,564.0
saint-marcel,1,1121,1121.0
saint-sulpice,1,1120,1120.0
estivareilles,1,1119,1119.0
sassetot-le-mauconduit,1,1118,1118.0
la frette,1,1117,1117.0
saint-sauveur-en-rue,1,1117,1117.0
rompon,1,1112,1112.0
valloire,1,1110,1110.0
candas,1,1109,1109.0
archigny,1,1109,1109.0
clary,1,1108,1108.0
machilly,1,1106,1106.0
domart-en-ponthieu,1,1106,1106.0
rumersheim-le-haut,1,1105,1105.0
la tour-en-maurienne,1,1104,1104.0
cadours,1,1104,1104.0
seissan,2,1102,551.0
sainte-gauburge-sainte-colombe,1,1102,1102.0
augy,1,1100,1100.0
morvillars,1,1100,1100.0
savy-berlette,1,1099,1099.0
lourmarin,1,1099,1099.0
talencieux,1,1098,1098.0
durrenbach,1,1097,1097.0
le donjon,1,1096,1096.0
riquewihr,1,1096,1096.0
aureilhan,1,1092,1092.0
champs-sur-tarentaine-marchal,1,1092,1092.0
saint-just,1,1091,1091.0
garlan,1,1085,1085.0
sarceaux,1,1084,1084.0
la ronde,1,1082,1082.0
saint-clar,1,1082,1082.0
la chaize-giraud,1,1082,1082.0
saint-hilaire-le-vouhis,1,1081,1081.0
saint-claud,1,1081,1081.0
choisey,1,1081,1081.0
saint-piat,1,1080,1080.0
tresserre,1,1079,1079.0
ussy-sur-marne,1,1077,1077.0
cheix-en-retz,1,1075,1075.0
fitou,1,1072,1072.0
ansouis,1,1070,1070.0
wolfgantzen,1,1069,1069.0
rougemontiers,1,1067,1067.0
douvres,1,1067,1067.0
le grand-village-plage,1,1065,1065.0
navarrenx,1,1065,1065.0
yainville,1,1063,1063.0
saint-fiel,1,1061,1061.0
fleury,1,1059,1059.0
laives,1,1057,1057.0
saint-dionisy,1,1052,1052.0
belle-isle-en-terre,1,1050,1050.0
jonchery,1,1049,1049.0
moussoulens,1,1048,1048.0
saint-thurien,1,1046,1046.0
job,1,1046,1046.0
le temple-sur-lot,1,1045,1045.0
clion,1,1044,1044.0
noisseville,1,1042,1042.0
laluque,1,1039,1039.0
allogny,1,1039,1039.0
villaines-sous-malicorne,1,1037,1037.0
champignelles,1,1036,1036.0
saint-laurent-des-hommes,1,1036,1036.0
torpes,1,1036,1036.0
manneville-la-goupil,1,1035,1035.0
apremont,1,1034,1034.0
saint-vincent,1,1032,1032.0
sainte-anne-sur-vilaine,1,1032,1032.0
laussonne,1,1029,1029.0
onesse-laharie,1,1028,1028.0
vaulx-vraucourt,1,1027,1027.0
carnin,1,1026,1026.0
campagne,1,1026,1026.0
triaize,1,1025,1025.0
laval,4,1021,255.0
seyssel,3,1017,339.0
lussant,1,1016,1016.0
auxon,1,1015,1015.0
bournoncle-saint-pierre,1,1013,1013.0
beaufort,1,1013,1013.0
villereau,1,1010,1010.0
conteville,1,1009,1009.0
moncontour,1,1006,1006.0
thiron-gardais,1,1006,1006.0
ham-en-artois,1,1005,1005.0
rainneville,1,1004,1004.0
guiche,1,1001,1001.0
sainte-catherine,1,1000,1000.0
vayres-sur-essonne,1,996,996.0
cheffois,1,994,994.0
chambry,1,991,991.0
wiesviller,1,989,989.0
le merzer,1,986,986.0
cheffes,1,986,986.0
saint-haon-le-vieux,1,984,984.0
saint-denis-de-jouhet,1,983,983.0
saint-hippolyte,1,981,981.0
romagne,1,979,979.0
pitgam,1,978,978.0
maulette,1,978,978.0
pompignan,1,971,971.0
haute-amance,1,971,971.0
molliens-dreuil,1,969,969.0
roisey,1,967,967.0
valsonne,1,964,964.0
la chapelle-palluau,1,964,964.0
vion,1,962,962.0
cerdon,1,961,961.0
zudausques,1,960,960.0
chamoux-sur-gelon,1,958,958.0
sainte-colombe-sur-seine,1,958,958.0
saint-gilles,2,958,479.0
gouarec,1,957,957.0
crisolles,1,955,955.0
cornillon,1,955,955.0
saint-germain,2,953,476.0
saint-paul,11,952,87.0
odenas,1,952,952.0
saint-just,1,950,950.0
vincelles,1,950,950.0
langrolay-sur-rance,1,949,949.0
sail-sous-couzan,1,948,948.0
moutiers,3,945,315.0
gironcourt-sur-vraine,1,945,945.0
mas-saintes-puelles,1,944,944.0
loudes,1,942,942.0
demi-quartier,1,942,942.0
villate,1,939,939.0
ciry-salsogne,1,939,939.0
saint-gervais,1,939,939.0
sombernon,1,938,938.0
pointis-inard,1,938,938.0
cordelle,1,937,937.0
bully,1,937,937.0
le grand-pressigny,1,935,935.0
civray,3,934,311.0
verrens-arvey,1,930,930.0
aubepierre-ozouer-le-repos,1,927,927.0
grammond,1,927,927.0
saint-jacut-de-la-mer,1,925,925.0
avoudrey,1,924,924.0
montaudin,1,923,923.0
la bachellerie,1,919,919.0
pianottoli-caldarello,1,919,919.0
andilly,1,919,919.0
lamarche,1,917,917.0
leimbach,1,916,916.0
hudimesnil,1,916,916.0
les bordes,1,915,915.0
sault-de-navailles,1,914,914.0
champsecret,1,914,914.0
marolles,1,912,912.0
muespach,1,912,912.0
saint-hippolyte,1,911,911.0
correns,1,911,911.0
wintershouse,1,906,906.0
saint-castin,1,906,906.0
larmor-baden,1,906,906.0
josnes,1,905,905.0
villamblard,1,905,905.0
monts-sur-guesnes,1,900,900.0
luttange,1,900,900.0
froissy,1,899,899.0
docelles,1,897,897.0
la baume-de-transit,1,897,897.0
anglure,1,897,897.0
remilly-sur-tille,1,892,892.0
saint-pierre-de-chignac,1,888,888.0
caves,1,888,888.0
peyrieu,1,888,888.0
saint-hilaire-du-maine,1,887,887.0
montaigut-le-blanc,1,878,878.0
civrac-de-blaye,1,877,877.0
bascons,1,877,877.0
moncontour,1,876,876.0
guerting,1,874,874.0
arleux-en-gohelle,1,873,873.0
crulai,2,873,436.0
saint-julien,2,873,436.0
vacheresse,1,872,872.0
mouliherne,1,872,872.0
saint-jean-soleymieux,1,872,872.0
pardies,1,871,871.0
pampelonne,1,870,870.0
lisle,1,870,870.0
port,1,869,869.0
gauciel,1,868,868.0
hon-hergies,1,868,868.0
saint-jean-le-vieux,1,866,866.0
grues,1,865,865.0
vron,1,863,863.0
saint-savin,2,862,431.0
peyrelevade,1,861,861.0
chambry,1,860,860.0
saint-lary-soulan,1,860,860.0
saint-laurent,2,858,429.0
saint-symphorien-de-marmagne,1,857,857.0
durmenach,1,857,857.0
giat,1,855,855.0
guyans-vennes,1,854,854.0
raucourt-et-flaba,1,854,854.0
grilly,1,853,853.0
ventron,1,852,852.0
champagne-en-valromey,1,851,851.0
saignes,1,850,850.0
troisvilles,1,850,850.0
chabottes,1,848,848.0
vrigny,1,847,847.0
robert-espagne,1,847,847.0
luri,1,844,844.0
muille-villette,1,843,843.0
saramon,1,841,841.0
mondevert,1,840,840.0
saint-bonnet-sur-gironde,2,839,420.0
flumet,1,839,839.0
celles-sur-plaine,1,837,837.0
le passage,1,835,835.0
manciet,1,831,831.0
puyvert,1,831,831.0
montsalvy,1,829,829.0
montbrehain,1,829,829.0
les mollettes,1,828,828.0
gastes,1,828,828.0
autreville,1,827,827.0
nivigne et suran,1,825,825.0
clion,1,825,825.0
montreuil,3,823,274.0
saulces-monclin,1,821,821.0
la chapelle-glain,1,820,820.0
saint-joseph,5,820,164.0
ger,1,814,814.0
volmunster,1,814,814.0
la grandville,1,812,812.0
poligny,1,810,810.0
grosville,1,808,808.0
pont-en-royans,1,807,807.0
arros-de-nay,1,805,805.0
aignan,1,805,805.0
esmery-hallon,1,804,804.0
aigremont,1,804,804.0
saint-aulaire,1,802,802.0
binges,1,801,801.0
saillenard,1,801,801.0
canly,1,801,801.0
salmiech,1,797,797.0
cerdon,1,797,797.0
seychalles,1,796,796.0
saint-michel-de-rieufret,1,793,793.0
coise,1,791,791.0
saint-seurin-de-cursac,1,791,791.0
villars,1,791,791.0
espiet,1,791,791.0
marolles,1,790,790.0
bonnut,1,787,787.0
villaines-sous-bois,1,783,783.0
crayssac,1,783,783.0
eyrans,2,782,391.0
saint-laurent-en-caux,1,781,781.0
bambecque,1,780,780.0
bordes,2,780,390.0
saint-sulpice,1,779,779.0
rouez,1,779,779.0
ville,2,778,389.0
saint-bonnet-de-joux,1,778,778.0
hauteluce,1,777,777.0
soppe-le-bas,2,775,388.0
sornac,1,774,774.0
moussy,1,774,774.0
saint-hostien,1,773,773.0
monteneuf,1,771,771.0
vuillafans,1,770,770.0
barbaira,1,769,769.0
limons,1,767,767.0
warloy-baillon,2,764,382.0
saint-maximin,1,764,764.0
damvix,1,763,763.0
longeau-percey,1,762,762.0
francescas,1,758,758.0
sauzet,1,754,754.0
vallenay,1,753,753.0
val-de-dagne,1,750,750.0
ruffey-sur-seille,1,749,749.0
orbigny,1,747,747.0
cierp-gaud,1,746,746.0
genouillac,1,745,745.0
douzens,1,745,745.0
le malzieu-ville,1,745,745.0
marolles,1,743,743.0
frontenaud,1,742,742.0
moulins,2,740,370.0
merlines,1,738,738.0
saint-gervais,1,736,736.0
champdeuil,1,734,734.0
montaut,1,734,734.0
bootzheim,1,734,734.0
bermerain,1,734,734.0
sauvigny-le-bois,1,733,733.0
san-giuliano,1,732,732.0
villefranche-de-panat,1,730,730.0
saint-germain,2,727,364.0
simorre,1,727,727.0
moyenneville,1,727,727.0
saint-aubin,1,724,724.0
senan,1,724,724.0
essoyes,1,724,724.0
dommartin,2,724,362.0
vernon,1,724,724.0
villiers-le-sec,1,722,722.0
ry,1,720,720.0
meisenthal,1,716,716.0
saint-julien-de-cassagnas,1,713,713.0
sommevoire,1,712,712.0
aubessagne,1,710,710.0
grainville-langannerie,1,708,708.0
courset,1,706,706.0
saint-laurent,2,704,352.0
mercatel,1,704,704.0
richerenches,1,701,701.0
saint-bonnet-le-courreau,1,701,701.0
aussois,1,701,701.0
turny,1,701,701.0
morsbronn-les-bains,1,701,701.0
sainte-marie,1,700,700.0
saint-paul,11,698,63.0
estivareilles,1,698,698.0
saint-ybard,1,698,698.0
noyers-pont-maugis,1,698,698.0
le broc,1,695,695.0
saint-paul,11,695,63.0
marolles,1,694,694.0
gargas,1,694,694.0
ormoy,1,693,693.0
saint-avit,1,693,693.0
ozan,1,692,692.0
bourgneuf,1,692,692.0
breilly,1,689,689.0
verteillac,1,689,689.0
boulon,1,687,687.0
nizas,1,685,685.0
saint-louis,7,685,98.0
rochefort-sur-nenon,1,684,684.0
orignolles,1,683,683.0
allonne,1,683,683.0
grignols,1,682,682.0
bordeaux-saint-clair,1,680,680.0
aigues-vives,1,679,679.0
gignac,1,679,679.0
lalande-en-son,1,678,678.0
luxey,1,677,677.0
apremont,1,676,676.0
vauvillers,1,675,675.0
le mont-saint-adrien,1,674,674.0
saint-maximin,1,669,669.0
bannost-villegagnon,1,669,669.0
chaumont,3,666,222.0
montrieux-en-sologne,1,665,665.0
lacropte,1,664,664.0
saint-symphorien,1,664,664.0
staple,1,663,663.0
saint-martin-des-champs,1,661,661.0
mousseaux-neuville,1,661,661.0
saint-pierre,8,657,82.0
montbozon,1,656,656.0
saint-hippolyte,1,654,654.0
roaix,1,653,653.0
croisilles,1,653,653.0
saint-mards-en-othe,1,650,650.0
breuil-barret,1,647,647.0
changy,1,647,647.0
saint-just,1,647,647.0
naves,1,645,645.0
beaumont,2,642,321.0
moyenneville,1,642,642.0
sauveterre-de-comminges,1,642,642.0
brassac,1,642,642.0
clarac,1,641,641.0
villerville,1,641,641.0
ozillac,1,640,640.0
sommepy-tahure,1,639,639.0
montaut,1,639,639.0
sainte-scolasse-sur-sarthe,1,638,638.0
belleherbe,1,636,636.0
inchy-en-artois,1,633,633.0
aunac-sur-charente,1,628,628.0
bailleul,1,625,625.0
sillars,1,625,625.0
charency-vezin,1,625,625.0
hambers,1,623,623.0
laning,1,622,622.0
longues-sur-mer,1,621,621.0
rouy,1,621,621.0
caillac,1,620,620.0
pomerol,1,620,620.0
longueville,1,619,619.0
pontavert,1,619,619.0
saint-aignan,1,618,618.0
courdemanche,1,618,618.0
origny-le-sec,1,617,617.0
fontaine,3,617,206.0
sainte-austreberthe,1,617,617.0
la puye,1,616,616.0
saint-marcel,1,615,615.0
escragnolles,1,614,614.0
baratier,1,613,613.0
marigny-chemereau,1,613,613.0
avroult,1,611,611.0
courdemanche,1,609,609.0
lavernat,1,606,606.0
issus,1,605,605.0
vautorte,1,604,604.0
courbouzon,1,604,604.0
noyal-sur-brutz,1,603,603.0
montesquiou,1,603,603.0
ruffec,1,597,597.0
villers,1,596,596.0
saint-aubin,1,596,596.0
vinay,1,594,594.0
buysscheure,1,592,592.0
sainte-radegonde,1,591,591.0
aigues-vives,1,591,591.0
saint-martial-de-nabirat,1,588,588.0
marsilly,1,585,585.0
mittelschaeffolsheim,1,584,584.0
barfleur,1,580,580.0
monchy-au-bois,1,576,576.0
peyssies,1,576,576.0
saint-symphorien,1,574,574.0
bren,1,572,572.0
la cambe,1,571,571.0
lacanche,1,571,571.0
limont-fontaine,1,569,569.0
cours,4,567,142.0
hombourg-budange,1,566,566.0
ouillon,1,565,565.0
pierreval,1,564,564.0
fleury,1,563,563.0
les bordes,1,559,559.0
beaufort,1,559,559.0
saint-ciers-du-taillon,1,558,558.0
saint-gervais,1,558,558.0
mercey-le-grand,1,558,558.0
chamaret,1,557,557.0
fontcouverte,1,556,556.0
uttenheim,1,556,556.0
lessard-en-bresse,1,555,555.0
les angles,1,555,555.0
oust,1,552,552.0
montpeyroux,1,552,552.0
liesle,1,547,547.0
eydoche,1,546,546.0
janailhac,1,545,545.0
kirrwiller,1,545,545.0
la rochette,1,544,544.0
pujols,1,544,544.0
moux-en-morvan,1,542,542.0
mareuil-sur-arnon,1,542,542.0
catillon-fumechon,1,541,541.0
tubersent,1,541,541.0
la forge,1,540,540.0
heuchin,1,540,540.0
jouy,1,539,539.0
deneuvre,1,537,537.0
reuilly,1,537,537.0
jouhet,1,534,534.0
drouges,1,533,533.0
saint-remy,1,531,531.0
perthes,1,530,530.0
saint-salvy-de-la-balme,1,530,530.0
saint-laurent,2,529,264.0
notre-dame-de-commiers,1,524,524.0
saint-denis,20,524,26.0
fontcouverte-la-toussuire,1,524,524.0
bourdettes,1,523,523.0
crachier,1,523,523.0
chanaz,1,523,523.0
rouvroy,1,522,522.0
marcenat,1,522,522.0
frizon,2,522,261.0
padoux,1,521,521.0
chelles,1,521,521.0
sauzet,1,520,520.0
valprivas,1,520,520.0
baugy,1,520,520.0
franvillers,1,520,520.0
essert-romand,1,519,519.0
narcy,1,517,517.0
marville,1,517,517.0
saint-aubin,1,516,516.0
orainville,1,516,516.0
la romaine,1,515,515.0
longvilliers,1,514,514.0
montreuil,3,513,171.0
petiville,1,512,512.0
saint-laurent,2,512,256.0
fresselines,1,511,511.0
beaurepaire,1,510,510.0
montaut,1,510,510.0
saint-laurent-de-condel,1,509,509.0
chaumont,3,506,169.0
rancon,1,505,505.0
esse,1,505,505.0
lemud,1,504,504.0
saint-laurent,2,504,252.0
bouin-plumoison,1,503,503.0
montchal,1,502,502.0
saint-julien-de-civry,1,501,501.0
colmars,1,501,501.0
gouex,1,499,499.0
conteville,1,498,498.0
seur,1,496,496.0
torcy-le-petit,1,493,493.0
la grave,2,492,246.0
ormes,1,492,492.0
neaux,1,492,492.0
baralle,1,491,491.0
fontenay,1,489,489.0
saint-symphorien,1,489,489.0
ussel,3,488,163.0
abzac,1,485,485.0
annouville-vilmesnil,1,484,484.0
sainte-magnance,1,484,484.0
bellengreville,1,483,483.0
ormes,1,482,482.0
wadelincourt,1,478,478.0
verdilly,1,477,477.0
changy,1,476,476.0
aigues-vives,1,476,476.0
amettes,1,476,476.0
romagne,1,476,476.0
chenevelles,1,476,476.0
la rochette,1,475,475.0
raves,1,475,475.0
apremont,1,474,474.0
montgesoye,1,474,474.0
accous,1,474,474.0
sainte-anne,1,473,473.0
villars,1,472,472.0
selles,1,471,471.0
thoiry,1,468,468.0
beaufort,1,468,468.0
longchamp,1,467,467.0
sainte-radegonde,1,466,466.0
ayzac-ost,1,463,463.0
bricon,1,463,463.0
jarnages,1,463,463.0
vignes,1,462,462.0
annebault,1,461,461.0
courville,1,461,461.0
ouville,1,460,460.0
campagnac,1,456,456.0
bagneux,1,456,456.0
rely,1,456,456.0
florimont,1,452,452.0
aubusson,2,451,226.0
croisilles,1,451,451.0
geishouse,1,451,451.0
montbrun-les-bains,1,450,450.0
montpeyroux,1,449,449.0
la chapelle-saint-fray,1,448,448.0
saint-hippolyte,1,447,447.0
thury,1,447,447.0
courbouzon,1,445,445.0
saint-martin-de-bavel,1,443,443.0
chepy,1,442,442.0
feigneux,1,441,441.0
ormes,1,439,439.0
auxon,1,438,438.0
cheveuges,1,437,437.0
sainte-marie,1,437,437.0
la chapelle-taillefert,1,436,436.0
vincelles,1,434,434.0
heilly,1,432,432.0
lieusaint,1,431,431.0
faleyras,1,430,430.0
olivet,2,427,214.0
pringy,1,425,425.0
saint-aubin,1,424,424.0
apinac,1,424,424.0
rang,1,423,423.0
obermorschwiller,1,422,422.0
saint-vincent,1,421,421.0
givraines,1,420,420.0
saint-beauzire,1,420,420.0
soulaines-dhuys,1,419,419.0
borne,1,419,419.0
baye,1,418,418.0
saint-germain-en-montagne,1,417,417.0
rousson,1,416,416.0
saint-aignan,1,416,416.0
bully,1,415,415.0
montaigut-le-blanc,1,415,415.0
authieule,1,415,415.0
bonnes,1,415,415.0
chasselay,1,414,414.0
gannay-sur-loire,1,413,413.0
cesseras,1,411,411.0
kesseldorf,1,411,411.0
villecomtal,1,411,411.0
sainte-austreberthe,1,410,410.0
marcenat,1,409,409.0
villers-plouich,1,408,408.0
saint-vincent,1,408,408.0
selles,1,406,406.0
saint-sulpice,1,406,406.0
giverville,1,405,405.0
burey,1,405,405.0
saint-illiers-la-ville,1,403,403.0
bluffy,1,403,403.0
amblans-et-velotte,1,401,401.0
vicq,1,401,401.0
montmirail,1,398,398.0
thevet-saint-julien,1,397,397.0
rouillac,1,397,397.0
morangis,2,396,198.0
ratenelle,1,395,395.0
bourg-de-visa,1,392,392.0
saint-pierre-la-noaille,1,391,391.0
campagne,1,390,390.0
saint-cyprien,2,390,195.0
apremont,1,387,387.0
aubeterre-sur-dronne,1,387,387.0
herbinghen,1,386,386.0
genay,1,384,384.0
saint-gratien,1,383,383.0
saint-victor-en-marche,1,383,383.0
la haye,1,382,382.0
frasnoy,1,382,382.0
villespy,1,380,380.0
saint-savin,2,380,190.0
soncourt-sur-marne,1,379,379.0
villereau,1,378,378.0
torpes,1,376,376.0
fournels,1,375,375.0
saint-ambroix,2,373,186.0
longueville,1,373,373.0
saint-aubin,1,371,371.0
saint-poncy,1,367,367.0
saint-loup-du-dorat,1,366,366.0
noirefontaine,1,365,365.0
saint-marcel,1,365,365.0
coulobres,1,364,364.0
saint-pierre,8,362,45.0
saint-sulpice-les-champs,1,361,361.0
saint-jean-de-nay,1,360,360.0
barcelonne,1,359,359.0
dommartin,2,353,176.0
passy,2,352,176.0
montpeyroux,1,350,350.0
massy,1,348,348.0
les ormes,1,348,348.0
sornay,1,343,343.0
salles,1,341,341.0
falaise,2,339,170.0
labastide-villefranche,1,339,339.0
bonneville,2,338,169.0
vicq,1,337,337.0
selles,1,336,336.0
chevannes,2,333,166.0
bagneux,1,331,331.0
champoly,1,331,331.0
doucier,1,328,328.0
saint-michel,2,324,162.0
neuvy,1,323,323.0
ingrandes,1,322,322.0
campagne,1,321,321.0
saint-paul,11,318,29.0
perthes,1,317,317.0
crouttes,1,317,317.0
allonnes,1,316,316.0
saint-martin-des-champs,1,315,315.0
saint-avit,1,314,314.0
saint-martin-des-champs,1,313,313.0
doumy,1,312,312.0
azincourt,1,311,311.0
condes,1,310,310.0
saron-sur-aube,1,310,310.0
mars-sur-allier,1,310,310.0
saint-pierre,8,309,39.0
miremont,1,307,307.0
ligneyrac,1,307,307.0
curchy,1,307,307.0
mesbrecourt-richecourt,1,307,307.0
loudenvielle,1,306,306.0
eymouthiers,1,306,306.0
mailly-raineval,1,305,305.0
ancerville,1,304,304.0
saint-paul-de-fourques,1,303,303.0
poligny,1,303,303.0
baulay,1,303,303.0
saint-denis,20,303,15.0
roquefort,1,301,301.0
salles,1,300,300.0
jort,1,300,300.0
le castellet,1,299,299.0
beaumont,2,298,149.0
moissac-bellevue,1,298,298.0
voulaines-les-templiers,1,298,298.0
saint-michel,2,298,149.0
grigny,3,297,99.0
saint-gilles,2,297,148.0
saint-aubin,1,296,296.0
saint-jean-le-vieux,1,296,296.0
le noyer,1,296,296.0
authie,1,296,296.0
villard-sallet,1,295,295.0
saix,1,295,295.0
vincelles,1,293,293.0
andilly,1,293,293.0
francheville,1,289,289.0
saint-martin-des-champs,1,289,289.0
longueville,1,288,288.0
saint-flour,3,288,96.0
thury,1,283,283.0
croix-moligneaux,1,283,283.0
champignol-lez-mondeville,1,283,283.0
francheville,1,283,283.0
bauzy,1,282,282.0
gardes-le-pontaroux,1,282,282.0
seringes-et-nesles,1,280,280.0
saint-gilles,2,280,140.0
richebourg,1,279,279.0
givry,1,278,278.0
champguyon,1,277,277.0
aigne,1,276,276.0
moyenneville,1,275,275.0
le val,1,274,274.0
nelling,1,272,272.0
saint-aubin,1,270,270.0
saint-michel,2,269,134.0
bailleul,1,269,269.0
saint-avit,1,268,268.0
montigny-sur-aube,1,268,268.0
valleroy-aux-saules,1,268,268.0
hohfrankenheim,1,267,267.0
chelers,1,266,266.0
aulnay-sur-marne,1,265,265.0
garrigues,1,265,265.0
vieux-lixheim,1,264,264.0
fontaine,3,264,88.0
le cayrol,1,263,263.0
la chapelle-rambaud,1,262,262.0
neuvy,1,262,262.0
saint-sulpice,1,261,261.0
diou,1,261,261.0
hamelincourt,1,260,260.0
vindecy,1,259,259.0
marseillan,3,259,86.0
rumilly,3,259,86.0
saint-michel,2,258,129.0
lassay-sur-croisne,1,258,258.0
roche,1,258,258.0
londigny,1,257,257.0
arques,1,257,257.0
rochegude,1,255,255.0
moutiers,3,255,85.0
guerpont,1,254,254.0
montaut,1,254,254.0
grisolles,1,254,254.0
longvilliers,1,253,253.0
narcy,1,252,252.0
saint-aignan,1,252,252.0
vauvillers,1,251,251.0
anlezy,1,251,251.0
brassac,1,251,251.0
mauriac,1,249,249.0
castres,10,249,25.0
munster,2,249,124.0
mesmont,1,249,249.0
occhiatana,1,247,247.0
beaumont,2,247,124.0
saint-pierre,8,247,31.0
baugy,1,246,246.0
les cluses,1,245,245.0
la frette,1,245,245.0
auriac,1,244,244.0
charron,1,242,242.0
rochefort,8,242,30.0
sainte-suzanne,2,241,120.0
droupt-sainte-marie,1,241,241.0
salles,1,240,240.0
ormoy,1,240,240.0
damery,1,240,240.0
saint-avit,1,239,239.0
vernon,1,239,239.0
vosnon,1,235,235.0
auriac,1,235,235.0
antagnac,1,234,234.0
arnaud-guilhem,1,234,234.0
vrigny,1,232,232.0
saint-aubin,1,231,231.0
verdun,3,230,77.0
clamecy,1,230,230.0
change,3,230,77.0
flers,6,230,38.0
saint-paul,11,227,21.0
saint-astier,1,227,227.0
fleury,1,226,226.0
villegenon,1,225,225.0
beaufort,1,223,223.0
saint-julien,2,223,112.0
ormoy,1,222,222.0
le noyer,1,222,222.0
la couture,1,221,221.0
le noyer,1,219,219.0
sergeac,1,219,219.0
villers,1,216,216.0
saint-aignan,1,216,216.0
la martre,1,216,216.0
beaumont-hamel,1,215,215.0
conteville,1,215,215.0
saint-martin-sur-cojeul,1,214,214.0
taurignan-vieux,1,214,214.0
saint-denis-des-monts,1,213,213.0
vitrolles,2,212,106.0
croisilles,1,211,211.0
selles,1,211,211.0
francheville,1,211,211.0
andornay,1,208,208.0
rouvrois-sur-meuse,1,208,208.0
cours,4,207,52.0
viller,1,205,205.0
rexingen,1,204,204.0
ardelles,1,203,203.0
valence,3,201,67.0
saint-avit,1,201,201.0
saint-vincent,1,200,200.0
dannemarie,1,199,199.0
lisle,1,198,198.0
flers,6,198,33.0
maurepas,1,197,197.0
la saucelle,1,197,197.0
saint-pierre-du-mont,1,194,194.0
bellegarde,1,190,190.0
chagny,2,190,95.0
craon,1,189,189.0
mont,1,188,188.0
autreville,1,188,188.0
chilly,2,188,94.0
villiers-le-sec,1,188,188.0
salles,1,188,188.0
giron,1,187,187.0
baudrecourt,1,187,187.0
landouzy-la-cour,1,187,187.0
sainte-radegonde,1,186,186.0
clarac,1,185,185.0
saint-aubin,1,184,184.0
ormes,1,184,184.0
saint-laurent,2,182,91.0
givry,1,182,182.0
garrigues,1,181,181.0
clefmont,1,179,179.0
chaumont,3,178,59.0
labatut,2,177,88.0
labatut,2,177,88.0
mireval-lauragais,1,176,176.0
bagneux,1,176,176.0
villars,1,176,176.0
saint-erblon,1,176,176.0
saint-benin-des-bois,1,175,175.0
saint-pierre-de-belleville,1,175,175.0
dommartin,2,174,87.0
polignac,1,173,173.0
fresnes,2,173,86.0
la neuville-aux-larris,1,172,172.0
saint-avit,1,172,172.0
leudon-en-brie,1,171,171.0
croix,1,168,168.0
saint-mard,1,168,168.0
senlis,1,167,167.0
loddes,1,166,166.0
saint-priest,2,166,83.0
bagneux,1,165,165.0
ger,1,165,165.0
campagne,1,165,165.0
chevannes,2,164,82.0
ayguetinte,1,164,164.0
saint-germain,2,164,82.0
saint-paul,11,159,14.0
saint-just,1,158,158.0
nestier,1,158,158.0
nizas,1,158,158.0
rougemont,1,157,157.0
vicq,1,157,157.0
sainte-radegonde,1,156,156.0
le port,5,155,31.0
francheville,1,154,154.0
sergy,1,154,154.0
campagnac,1,154,154.0
saint-marcel,1,154,154.0
chavigny,1,154,154.0
nozay,1,153,153.0
saint-aignan,1,151,151.0
chilly,2,148,74.0
saint-sulpice,1,148,148.0
artix,1,144,144.0
les loges,1,143,143.0
beaumont,2,142,71.0
fleury,1,141,141.0
longueville,1,140,140.0
saint-just,1,138,138.0
beuvrigny,1,138,138.0
saint-vallier,2,137,68.0
arques,1,137,137.0
saint-pierre,8,136,17.0
saint-hippolyte,1,135,135.0
saint-symphorien,1,135,135.0
les loges,1,134,134.0
beynes,1,134,134.0
prades,1,134,134.0
saint-sulpice,1,133,133.0
moussy,1,132,132.0
montaut,1,132,132.0
igney,1,130,130.0
les angles,1,129,129.0
la neuville-à-maire,1,127,127.0
le pontet,4,127,32.0
dombasle-en-xaintois,1,126,126.0
montaut,1,124,124.0
fleury,1,123,123.0
changy,1,123,123.0
saint-michel,2,123,62.0
naves,1,121,121.0
beaumont,2,121,60.0
saint-hippolyte,1,121,121.0
apremont,1,120,120.0
sainte-anne,1,118,118.0
gizaucourt,1,118,118.0
lalanne-trie,1,116,116.0
condes,1,116,116.0
la haye,1,115,115.0
saint-mard,1,115,115.0
quissac,1,115,115.0
dannemarie,1,113,113.0
vix,1,112,112.0
saint-julien,2,112,56.0
cheniers,1,111,111.0
saint-gilles,2,111,56.0
sainte-marie,1,109,109.0
moussy,1,106,106.0
prugnanes,1,104,104.0
saint-vallier,2,99,50.0
soucy,1,98,98.0
saint-pierre,8,98,12.0
ussel,3,97,32.0
mesmont,1,96,96.0
saint-marcel,1,94,94.0
marseillan,3,93,31.0
saint-sulpice,1,93,93.0
baudrecourt,1,92,92.0
fenouillet,1,90,90.0
saint-mard,1,89,89.0
presles,1,89,89.0
fontenay,1,89,89.0
les bordes,1,88,88.0
torcy-le-petit,1,86,86.0
sainte-marie,1,84,84.0
sainte-marie,1,84,84.0
augy,1,83,83.0
mont-saint-martin,1,83,83.0
mont-saint-martin,1,83,83.0
domblain,1,82,82.0
quilly,1,82,82.0
saint-pierre-du-mont,1,81,81.0
aigremont,1,81,81.0
rouhe,1,81,81.0
montdidier,2,80,40.0
saignes,1,79,79.0
saint-usage,2,78,39.0
moulins,2,77,38.0
mont-saint-martin,1,76,76.0
saint-michel,2,76,38.0
marsas,2,74,37.0
conteville,1,73,73.0
nay,1,72,72.0
beaumont,2,72,36.0
gignac,1,72,72.0
lavaur,1,72,72.0
longchamp,1,71,71.0
gilley,1,70,70.0
bagneux,1,70,70.0
la rochette,1,70,70.0
beaurepaire,1,68,68.0
angles,2,68,34.0
passy,2,66,33.0
prades,1,66,66.0
poligny,1,66,66.0
fresnes,2,66,33.0
sainte-marie,1,65,65.0
sainte-radegonde,1,63,63.0
ribeauville,1,63,63.0
la rochette,1,61,61.0
blanquefort,2,59,30.0
francheville,1,56,56.0
la chapelle-sous-orbais,1,56,56.0
saint-jeannet,1,55,55.0
arcey,1,54,54.0
chaumont,3,54,18.0
sainte-catherine,1,54,54.0
longmesnil,1,52,52.0
borne,1,51,51.0
villiers-le-sec,1,49,49.0
saint-michel,2,49,24.0
chef-haut,1,48,48.0
callian,1,48,48.0
fontenay,1,46,46.0
mont,1,44,44.0
auriac,1,43,43.0
sainte-luce,1,43,43.0
sainte-anne,1,42,42.0
la rochelle,11,39,4.0
la montagne,1,37,37.0
sorbiers,1,37,37.0
chazelles,1,37,37.0
buxerolles,1,36,36.0
prades,1,33,33.0
chazelles,1,33,33.0
montgru-saint-hilaire,1,33,33.0
aigremont,1,20,20.0
