Ville,Nombre de Salons
toulouse,31
nantes,25
nice,23
strasbourg,21
saint-denis,20
grenoble,19
montpellier,19
toulon,19
le havre,18
lille,17
annecy,16
perpignan,15
ajaccio,14
dijon,14
cambrai,14
colmar,13
saint-nazaire,12
la rochelle,11
saint-paul,11
aix-en-provence,11
caen,11
bordeaux,11
paris 12,11
reims,11
besancon,10
antibes,10
metz,10
rennes,10
beziers,10
le tampon,10
castres,10
frejus,10
le mans,10
clermont-ferrand,10
saint-raphael,10
arles,10
cherbourg-en-cotentin,10
cannes,10
paris 15,9
cagnes-sur-mer,9
valenciennes,9
la seyne-sur-mer,9
amiens,9
bourges,8
rochefort,8
les sables d'olonne,8
douai,8
boulogne-sur-mer,8
compiegne,8
saint-etienne,8
nimes,8
brive-la-gaillarde,8
saint-leu,8
la ciotat,8
paris 20,8
angouleme,8
cahors,8
limoges,8
mulhouse,8
brest,8
paris 11,8
saint-pierre,8
chartres,8
cayenne,7
calais,7
pau,7
lisieux,7
la valette-du-var,7
paris 17,7
cholet,7
hyeres,7
villeurbanne,7
paris 10,7
saint-louis,7
dunkerque,7
millau,7
romilly-sur-seine,7
albi,7
tours,7
avignon,7
orleans,7
alencon,7
charleville-mezieres,6
paris 19,6
beaune,6
chateauroux,6
sevremoine,6
vannes,6
chateau-gontier-sur-mayenne,6
montelimar,6
epernay,6
martigues,6
draguignan,6
six-fours-les-plages,6
macon,6
fougeres,6
arras,6
bourgoin-jallieu,6
lorient,6
flers,6
forbach,6
nancy,6
agde,6
tarbes,6
rouen,6
dieppe,6
brioude,5
marseille 10,5
talence,5
marseille 4,5
louviers,5
fort-de-france,5
le port,5
beauvais,5
paris 18,5
bar-le-duc,5
tulle,5
saint-maur-des-fosses,5
meximieux,5
firminy,5
oyonnax,5
hem,5
maromme,5
melun,5
roanne,5
orange,5
levallois-perret,5
saint-quentin,5
saint pierre,5
reze,5
audruicq,5
saint-joseph,5
angers,5
paris 13,5
epinal,5
port-saint-louis-du-rhone,5
montpon-menesterol,5
saint pierre d'oleron,5
aubenas,5
mandelieu-la-napoule,5
manosque,5
villefranche-sur-saone,5
nevers,5
la croix-valmer,4
les pennes-mirabeau,4
gravelines,4
versailles,4
drancy,4
l'isle-jourdain,4
chalons-en-champagne,4
la roche-sur-yon,4
troyes,4
vienne,4
lens,4
wittenheim,4
morlaix,4
le pontet,4
paris 9,4
saint-michel-chef-chef,4
cluses,4
saint-junien,4
mauges-sur-loire,4
pierrefeu-du-var,4
pontarlier,4
dole,4
soissons,4
albertville,4
orvault,4
digne-les-bains,4
bernay,4
ales,4
vedene,4
evreux,4
annoeullin,4
sarcelles,4
clichy,4
bollene,4
armentieres,4
paris 1,4
marseille 13,4
mont-de-marsan,4
amneville,4
montigny-le-bretonneux,4
aix-les-bains,4
bourg-de-peage,4
beaupreau-en-mauges,4
perigueux,4
chalon-sur-saone,4
istres,4
sollies-pont,4
cavaillon,4
gif-sur-yvette,4
le puy-en-velay,4
paris 4,4
maussane-les-alpilles,4
maubeuge,4
carqueiranne,4
saumur,4
saint-leonard,4
montauban,4
rodez,4
laon,4
niort,4
chamalieres,4
bruay-la-buissiere,4
nanterre,4
saint-chamond,4
cavalaire-sur-mer,4
carpentras,4
denain,4
l'isle-sur-la-sorgue,4
aubervilliers,4
roye,4
saint-amand-les-eaux,4
oloron-sainte-marie,4
la ferte-bernard,4
champagnole,4
laval,4
le blanc,4
roquebrune-sur-argens,4
tarnos,4
chambery,4
cours,4
carvin,4
l'isle d'espagnac,3
bourbon-lancy,3
saint-brevin-les-pins,3
bischoffsheim,3
saint-hilaire-du-harcouet,3
bethune,3
quimper,3
valentigney,3
tournefeuille,3
rumilly,3
le soler,3
montendre,3
annemasse,3
dorlisheim,3
fouras,3
saint-remy-de-provence,3
les herbiers,3
marseille 7,3
paris 3,3
neuilly-plaisance,3
cogolin,3
villers-outreaux,3
sete,3
gennevilliers,3
saint-francois,3
marquise,3
la roque d'antheron,3
castelnau-le-lez,3
villeneuve-en-retz,3
revel,3
cognac,3
avallon,3
sens,3
blois,3
meru,3
cuers,3
cesson-sevigne,3
saint-jean-de-braye,3
castelnau montratier ste alauzie,3
bayonne,3
sospel,3
bletterans,3
ombree d'anjou,3
saint-gervais-les-bains,3
chaumont,3
parentis-en-born,3
halluin,3
ussel,3
verdun,3
grigny,3
menton,3
carling,3
issoire,3
la tour-du-pin,3
berck,3
carentan-les-marais,3
montlucon,3
montaigu-vendee,3
argenteuil,3
saint-andre,3
marseillan,3
tinqueux,3
montlhery,3
marmande,3
pont-saint-esprit,3
limoux,3
nemours,3
les pavillons-sous-bois,3
lescar,3
vierzon,3
change,3
le bourg d'oisans,3
bastia,3
monteux,3
saint-sebastien-sur-loire,3
gauchy,3
barjols,3
barbezieux-saint-hilaire,3
craponne,3
le poire-sur-vie,3
chateaugiron,3
wattrelos,3
vernaison,3
blain,3
vandoeuvre-les-nancy,3
antony,3
roques-sur-garonne,3
noyon,3
paris 16,3
elne,3
velizy-villacoublay,3
ploufragan,3
neufchateau,3
fresnay-sur-sarthe,3
lunel,3
moutiers,3
morcenx-la-nouvelle,3
marignane,3
gaillac,3
toul,3
paimpol,3
narbonne,3
salleles d'aude,3
lillers,3
canet-en-roussillon,3
melle,3
orthez,3
capbreton,3
saint-herblain,3
la tour d'aigues,3
moneteau,3
abbeville,3
bourg-en-bresse,3
belfort,3
le loroux-bottereau,3
sarrebourg,3
seyssel,3
fontaine,3
sainte-genevieve-des-bois,3
bauge-en-anjou,3
asnieres-sur-seine,3
algrange,3
la plaine-des-palmistes,3
montbeliard,3
bully-les-mines,3
saint-claude,3
langres,3
dax,3
montreuil,3
saint-etienne-du-rouvray,3
l'aigle,3
cotignac,3
woippy,3
saint-martin-la-plaine,3
barentin,3
valence,3
marseille 6,3
hennebont,3
carcassonne,3
saint-romain-de-jalionas,3
epagny metz-tessy,3
rive-de-gier,3
le lamentin,3
le perreon,3
la tessoualle,3
dourges,3
meaux,3
bollwiller,3
chasseneuil-sur-bonnieure,3
creutzwald,3
luxeuil-les-bains,3
chemille-en-anjou,3
le pian-medoc,3
marseille 5,3
toulouges,3
saint-flour,3
gujan-mestras,3
brehal,3
marseille 9,3
erdre-en-anjou,3
brives-charensac,3
saint-sever,3
bressuire,3
civray,3
hilsenheim,3
charlieu,3
billere,3
schiltigheim,3
guer,3
aurillac,3
les abymes,3
la teste-de-buch,3
saint barthelemy,3
quincy-sous-senart,3
les andelys,3
coueron,3
val-de-reuil,3
saint martin d'heres,3
villefranche-de-lauragais,3
saint-maximin-la-sainte-baume,3
vitry-sur-seine,3
lure,3
saint-malo,3
chabeuil,3
vichy,3
la chapelle-thouarault,2
montauban-de-bretagne,2
aleria,2
tergnier,2
laroque-des-alberes,2
moirans,2
douchy-les-mines,2
harfleur,2
chaville,2
gueret,2
chene-en-semine,2
vaulx-en-velin,2
lyon 3eme,2
meulan-en-yvelines,2
la ville-aux-dames,2
saint-pierre-en-faucigny,2
belin-beliet,2
saint-martin-sur-le-pre,2
tosse,2
pierrelatte,2
audincourt,2
falaise,2
mouans-sartoux,2
cappelle-la-grande,2
marcey-les-greves,2
vincennes,2
pelissanne,2
saint-yrieix-la-perche,2
bruay sur l'escaut,2
chatelaillon-plage,2
ardentes,2
modane,2
les touches,2
bessancourt,2
louhans,2
faulquemont,2
villemoisson-sur-orge,2
riom,2
saint-priest,2
jaunay-marigny,2
neufchatel-en-bray,2
raches,2
aubergenville,2
etampes,2
luce,2
argeles-gazost,2
noisy-le-sec,2
courville-sur-eure,2
perriers-sur-andelle,2
meyzieu,2
noisy-le-grand,2
le porge,2
chilly,2
bagnols-sur-ceze,2
beaumont-de-lomagne,2
fos-sur-mer,2
longjumeau,2
sault-les-rethel,2
peaugres,2
combloux,2
mormant,2
rue,2
mios,2
givors,2
saint-avold,2
montdidier,2
malemort,2
colombes,2
biot,2
montlieu-la-garde,2
deols,2
muret,2
bourg-achard,2
saint-pourcain-sur-sioule,2
saint-paul-trois-chateaux,2
fontaine-les-dijon,2
auchel,2
bouguenais,2
vidauban,2
nanteuil-le-haudouin,2
yquelon,2
templeuve-en-pevele,2
maule,2
capesterre-belle-eau,2
chatou,2
la fleche,2
messery,2
pont d'ain,2
chateaubriant,2
chevannes,2
fecamp,2
port-la-nouvelle,2
scionzier,2
le relecq-kerhuon,2
oree-d'anjou,2
le petit-quevilly,2
pornic,2
chazelles-sur-lyon,2
saujon,2
saint-jean-le-blanc,2
aubusson,2
chevilly-larue,2
vouille,2
rohrbach-les-bitche,2
wambrechies,2
la voulte-sur-rhone,2
pertuis,2
saint martin,2
la ferte mace,2
wassy,2
anse,2
villeneuve-tolosane,2
aime-la-plagne,2
angoulins,2
ailly-sur-somme,2
lignieres-ambleville,2
langeais,2
saint-usage,2
pulnoy,2
schoelcher,2
le creusot,2
druelle balsac,2
cluny,2
soustons,2
aubagne,2
cournon d'auvergne,2
saint-valery-en-caux,2
plougonvelin,2
cazilhac,2
blanquefort,2
anneyron,2
breteuil,2
frignicourt,2
la queue-en-brie,2
troissereux,2
soppe-le-bas,2
joinville-le-pont,2
saint-dizier,2
etrechy,2
passy,2
lombez,2
commentry,2
saint-bonnet-sur-gironde,2
laneuveville-devant-nancy,2
nieppe,2
saint-etienne-de-montluc,2
le chambon-sur-lignon,2
auberchicourt,2
aulnat,2
la boisse,2
les trois-bassins,2
magny-en-vexin,2
lagnieu,2
belleville,2
sainte-foy-la-grande,2
moliets-et-maa,2
sainte-savine,2
saint-cast-le-guildo,2
luzarches,2
mertzwiller,2
saint-jory,2
les auxons,2
beaucourt,2
lansargues,2
yssingeaux,2
tartas,2
olivet,2
dozule,2
orval,2
valencin,2
saint-geours-de-maremne,2
vibraye,2
sisteron,2
palaiseau,2
guilers,2
saint-michel,2
cayeux-sur-mer,2
guebwiller,2
blendecques,2
crosne,2
bolbec,2
corze,2
saint-vallier,2
la rabateliere,2
niedernai,2
pessac,2
saint-max,2
courtisols,2
nouvion-sur-meuse,2
rantigny,2
villeneuve-la-guyard,2
maretz,2
champlitte,2
saint-germain-laval,2
biarritz,2
sainghin-en-melantois,2
saint-germain,2
nangis,2
lyon 7eme,2
ramonville-saint-agne,2
campbon,2
murs-erigne,2
saint-peray,2
montceau-les-mines,2
saint-marcel-sur-aude,2
saint-jean-en-royans,2
saint-memmie,2
la cadiere d'azur,2
saint chely d'apcher,2
capinghem,2
chatte,2
saint-nolff,2
thones,2
thiais,2
digoin,2
anor,2
morangis,2
estrees-saint-denis,2
la roche-sur-foron,2
mouchard,2
torigny-les-villes,2
saulxures-sur-moselotte,2
vacqueyras,2
ligne,2
montberon,2
outreau,2
mazamet,2
divatte-sur-loire,2
jussac,2
thiers,2
prayssac,2
fleury-sur-andelle,2
la verpilliere,2
mauguio,2
ville,2
le moule,2
longuyon,2
coulommiers,2
matignon,2
la motte-servolex,2
noves,2
baie-mahault,2
eu,2
tuffe-val-de-la-cheronne,2
montmedy,2
dreux,2
equihen-plage,2
mereau,2
haguenau,2
bogny-sur-meuse,2
maubourguet,2
mont-bernanchon,2
voiron,2
saint-just-saint-rambert,2
feignies,2
ornans,2
feurs,2
niederroedern,2
buzancais,2
balaruc-les-bains,2
gournay-en-bray,2
saint jean d'angely,2
saint-egreve,2
vesoul,2
l'escarene,2
mougins,2
la souterraine,2
fuveau,2
gimont,2
angles,2
vitrolles,2
guerlesquin,2
gigean,2
doix les fontaines,2
caudry,2
visan,2
fonsorbes,2
chateaudun,2
ploermel,2
spycker,2
les monts d'aunay,2
saint-ambroix,2
sainte-suzanne,2
paris 14,2
arbois,2
dinard,2
caudebec-les-elbeuf,2
ruoms,2
labatut,2
meze,2
lesneven,2
saint andre de l'eure,2
saint-chamas,2
joue-les-tours,2
lignieres,2
montargis,2
crozon,2
le plessis-bouchard,2
periers,2
ballancourt-sur-essonne,2
iffendic,2
la possession,2
aigues-mortes,2
pont-audemer,2
ferriere-la-grande,2
croissy-sur-seine,2
montmoreau,2
montauroux,2
pouilly-sous-charlieu,2
le lardin-saint-lazare,2
habas,2
sainte-maxime,2
selestat,2
pamiers,2
gournay-sur-marne,2
trets,2
moulins,2
saint-nicolas,2
pont de l'arche,2
fressenneville,2
bagneres-de-bigorre,2
givet,2
romans-sur-isere,2
lezignan-corbieres,2
boucau,2
saint-crepin-ibouvillers,2
mende,2
usson-en-forez,2
castelnaudary,2
vence,2
lombron,2
limeil-brevannes,2
lambesc,2
thouars,2
ressons-sur-matz,2
saint martin d'auxigny,2
la talaudiere,2
bellerive-sur-allier,2
venelles,2
pezenas,2
pleubian,2
gagny,2
saint-saulve,2
mouchamps,2
bosroumois,2
saint-renan,2
le rheu,2
milly-la-foret,2
burbure,2
bons-en-chablais,2
gisors,2
villard-de-lans,2
sevran,2
mulsanne,2
vrigne aux bois,2
villers-bocage,2
libourne,2
le mene,2
etaples,2
le trait,2
challans,2
frizon,2
saint-eloy-les-mines,2
pont-du-chateau,2
sucy-en-brie,2
plaisir,2
mer,2
longue-jumelles,2
chambly,2
thouare-sur-loire,2
gruissan,2
douvres-la-delivrande,2
beaucouze,2
auxerre,2
villeneuve-loubet,2
savigny-sur-orge,2
corbeil-essonnes,2
saint-cyr-de-favieres,2
moissac,2
apt,2
tassin-la-demi-lune,2
locmaria-plouzane,2
tourcoing,2
bauvin,2
mazeres,2
prahecq,2
courcelles-les-montbeliard,2
vire-normandie,2
roche-la-moliere,2
mesnils-sur-iton,2
thonon-les-bains,2
l'argentiere-la-bessee,2
valserhone,2
anzin,2
la fare-les-oliviers,2
raismes,2
cabannes,2
chagny,2
montigny-les-metz,2
septeuil,2
nogent-sur-seine,2
polliat,2
loon-plage,2
la grave,2
rabastens,2
chauffailles,2
charolles,2
oignies,2
la sentinelle,2
vexin-sur-epte,2
saint-ouen,2
la ferte-sous-jouarre,2
meslay-du-maine,2
douvrin,2
cosnes-et-romain,2
saint-brieuc,2
val-cenis,2
pont-saint-vincent,2
tremblay-en-france,2
munchhouse,2
ollioules,2
montigny-en-gohelle,2
montrouge,2
behren-les-forbach,2
saint-sauveur-le-vicomte,2
bonifacio,2
saint-denis-en-val,2
fabregues,2
le grand-quevilly,2
nogent-le-roi,2
henin-beaumont,2
elven,2
souchez,2
rivesaltes,2
vitry-le-francois,2
petit-couronne,2
waziers,2
seissan,2
perenchies,2
chasne-sur-illet,2
bonneville,2
contrexeville,2
clermont l'herault,2
beaumont,2
saint-marcellin,2
saint-jean-pied-de-port,2
marseille 1,2
pouilley-les-vignes,2
auxonne,2
saint-amant-tallende,2
gasny,2
saint martin d'uriage,2
romorantin-lanthenay,2
l'isle-sur-le-doubs,2
connaux,2
nouvion,2
crepy-en-valois,2
bon-encontre,2
conches-en-ouche,2
hautmont,2
fontenay-sous-bois,2
wingles,2
bart,2
bray-dunes,2
trignac,2
lapalisse,2
elbeuf,2
guilherand-granges,2
bernos-beaulac,2
duclair,2
castelculier,2
sierck-les-bains,2
flayosc,2
nyons,2
saint-martin-de-crau,2
saint-gilles,2
ouveillan,2
bavans,2
hazebrouck,2
bouc-bel-air,2
oissel,2
creteil,2
pointe-à-pitre,2
chateaurenard,2
saint-zacharie,2
decines-charpieu,2
sours,2
mezieres-sur-seine,2
chateaumeillant,2
plouguerneau,2
monistrol-sur-loire,2
le quesnoy,2
isigny-sur-mer,2
suresnes,2
marseille 8,2
sotteville-les-rouen,2
crulai,2
ville d'avray,2
pernes-les-fontaines,2
l'albenc,2
teille,2
savenay,2
origny-en-thierache,2
lamorlaye,2
sarras,2
saint-cyprien,2
sezanne,2
ham,2
mont-pres-chambord,2
privas,2
conde-en-normandie,2
warloy-baillon,2
argenton-sur-creuse,2
saint-jean-de-monts,2
domerat,2
tigy,2
chilly-mazarin,2
borgo,2
serre-les-sapins,2
bouzonville,2
orsay,2
obernai,2
figeac,2
nogent-sur-oise,2
haspres,2
le grau-du-roi,2
breuil-le-sec,2
cucuron,2
puilboreau,2
provin,2
serignan,2
vendome,2
vennecy,2
saint symphorien d'ozon,2
saint-julien,2
marsas,2
lannion,2
munster,2
la riche,2
sainte-foy-les-lyon,2
bains-sur-oust,2
livron-sur-drome,2
marseille 12,2
carquefou,2
cercy-la-tour,2
salon-de-provence,2
saint-galmier,2
lucon,2
saint-laurent,2
ploemeur,2
fresnes,2
ploudalmezeau,2
freyming-merlebach,2
chateaubourg,2
bordes,2
sainte-anne-sur-brivet,2
villemomble,2
saint-savin,2
bois-guillaume,2
paray-le-monial,2
royan,2
l'aiguillon-la-presqu'ile,2
villecresnes,2
val d'erdre-auxence,2
gonfreville l'orcher,2
guyancourt,2
marly,2
breuillet,2
saint-jeoire-prieure,2
riorges,2
cenon,2
eyrans,2
trans-en-provence,2
tarascon,2
coutances,2
sorgues,2
bezons,2
moret-loing-et-orvanne,2
longuenee-en-anjou,2
locmine,2
carmaux,2
foix,2
dommartin,2
saint-andre-de-cubzac,2
vervins,2
eperlecques,1
le cannet,1
autreville,1
argentan,1
andres,1
saint-romans,1
giat,1
messigny-et-vantoux,1
frouzins,1
paris 8,1
bresse vallons,1
le lavandou,1
queven,1
clermont-creans,1
fougerolles-du-plessis,1
biscarrosse,1
avesnes-le-comte,1
corbelin,1
saint-aignan,1
ballots,1
arcangues,1
quintin,1
tournay,1
buchelay,1
grand-champ,1
haute-amance,1
pluneret,1
trevillers,1
amancy,1
vieux-charmont,1
allaire,1
stenay,1
lons-le-saunier,1
briouze,1
exincourt,1
mutzig,1
florensac,1
plouedern,1
breuil-barret,1
ingwiller,1
borne,1
thury,1
villieu-loyes-mollon,1
la charite-sur-loire,1
le folgoet,1
vindecy,1
rumersheim-le-haut,1
luneville,1
la trinite,1
saix,1
ars-en-re,1
gailleres,1
saint-clar,1
cambo-les-bains,1
givrand,1
sannois,1
arcis-sur-aube,1
saint-martin-lez-tatinghem,1
pleslin-trigavou,1
bains,1
camps-la-source,1
saint-jean-le-vieux,1
criel-sur-mer,1
villefranche-de-panat,1
magescq,1
soliers,1
saint-alban-leysse,1
dammarie,1
marans,1
vagney,1
chatellerault,1
muides-sur-loire,1
villeneuve-sur-bellot,1
saint-laurent-de-chamousset,1
alby-sur-cheran,1
chabreloche,1
vandieres,1
lalevade d'ardeche,1
mignieres,1
les belleville,1
epernon,1
allonne,1
thorigny-sur-marne,1
chatenay,1
emmerin,1
bray-et-lu,1
la turballe,1
lanester,1
saint-thurien,1
bessan,1
meriel,1
renaze,1
thiberville,1
le chateau d'oleron,1
ry,1
luri,1
champsecret,1
chorges,1
monteleger,1
treveray,1
perrignier,1
plaudren,1
altkirch,1
saint-amand-en-puisaye,1
saint-rambert-en-bugey,1
faches-thumesnil,1
arcachon,1
warluis,1
moustoir-ac,1
hudimesnil,1
vendeuvre-sur-barse,1
arsac-en-velay,1
javerlhac-la-chapelle-st-robert,1
ax-les-thermes,1
saint-calais,1
falleron,1
anlezy,1
riviere-pilote,1
varennes-sur-allier,1
boissy-saint-leger,1
goussainville,1
inchy-en-artois,1
jayat,1
valleiry,1
calan,1
nerac,1
rodilhan,1
beaufay,1
mauleon,1
aulnoye-aymeries,1
docelles,1
gourbeyre,1
batz-sur-mer,1
baulay,1
saint-fons,1
neufchef,1
meyenheim,1
thann,1
gironcourt-sur-vraine,1
vaires-sur-marne,1
saint-pierre-de-belleville,1
la cambe,1
guessling-hemering,1
saultain,1
le neubourg,1
brecey,1
rabastens-de-bigorre,1
montreal-la-cluse,1
saint-julien-de-cassagnas,1
le montsaugeonnais,1
champs-sur-tarentaine-marchal,1
ayguetinte,1
marzan,1
colombey les deux eglises,1
lantriac,1
tercis-les-bains,1
tence,1
le beausset,1
chasselay,1
liepvre,1
jort,1
le collet-de-deze,1
sautron,1
chatillon-sur-cher,1
rance,1
epinay-sur-seine,1
osny,1
pantin,1
chatillon-coligny,1
thurins,1
nersac,1
saint-hostien,1
rancon,1
fleury,1
port,1
saint-privat-la-montagne,1
lavoute-sur-loire,1
rouans,1
villamblard,1
neuilly-en-thelle,1
hasparren,1
saone,1
doullens,1
barfleur,1
barcelonne-du-gers,1
arnay-le-duc,1
apinac,1
plaissan,1
lantenne-vertiere,1
la chapelle-bouexic,1
confolens,1
plouharnel,1
saint-privat-des-vieux,1
puget-theniers,1
villepinte,1
cancale,1
lemud,1
villemeux-sur-eure,1
conde sur l'escaut,1
sombernon,1
le poet,1
semur-en-auxois,1
longueville,1
hombourg-haut,1
limont-fontaine,1
mignaloux-beauvoir,1
mailly-raineval,1
billom,1
aubigny-les clouzeaux,1
arcey,1
phalempin,1
levet,1
hamelincourt,1
le pradet,1
richwiller,1
zuydcoote,1
blausasc,1
lezoux,1
vallauris,1
saint-andre-lez-lille,1
muizon,1
salvagnac,1
petit-mars,1
sainte-luce,1
giron,1
marines,1
plateau d'hauteville,1
lanmeur,1
luttange,1
triaize,1
plumergat,1
massiac,1
chemery,1
montereau-fault-yonne,1
guines,1
saint-gervais-la-foret,1
salbris,1
nizas,1
seiches-sur-le-loir,1
frebecourt,1
azincourt,1
sergy,1
caestre,1
saint vigor d'ymonville,1
ansouis,1
neuville-en-ferrain,1
la ronde,1
quincay,1
prugnanes,1
labeuvriere,1
baisieux,1
peyrieu,1
riotord,1
chailland,1
pujols,1
bressols,1
cheveuges,1
sainte-marie-aux-mines,1
provins,1
camblain l'abbe,1
bournoncle-saint-pierre,1
mauriac,1
emerainville,1
boulange,1
dommartin-les-toul,1
manziat,1
canohes,1
couches,1
janze,1
saint-jean-de-nay,1
semeac,1
ibos,1
croix-moligneaux,1
arques,1
faleyras,1
salles-sur-mer,1
val-de-dagne,1
origny-le-sec,1
crachier,1
norrent-fontes,1
plourivo,1
domgermain,1
langrolay-sur-rance,1
samadet,1
le grand-village-plage,1
thourotte,1
bormes-les-mimosas,1
ingrandes,1
saint-mandrier-sur-mer,1
panazol,1
vacheresse,1
ducos,1
lassay-sur-croisne,1
valdahon,1
burey,1
saint-broladre,1
triel-sur-seine,1
yvignac-la-tour,1
chazay d'azergues,1
nesle,1
saint-laurent-de-la-pree,1
le gosier,1
seichamps,1
sains-en-gohelle,1
villegenon,1
la tour-en-maurienne,1
orbigny,1
brecy,1
meschers-sur-gironde,1
arnaud-guilhem,1
fontainebleau,1
airaines,1
lacanche,1
pomerol,1
ratenelle,1
guerledan,1
moncontour,1
louvigne-du-desert,1
saint-jouan-des-guerets,1
la farlede,1
bennecourt,1
montfermeil,1
grignols,1
val-revermont,1
saint-paul-en-foret,1
soucieu-en-jarrest,1
liancourt,1
vendargues,1
saint jean d'illac,1
bailly-romainvilliers,1
leves,1
beuvrigny,1
breval,1
chantenay-saint-imbert,1
chateauneuf-grasse,1
sache,1
escragnolles,1
auby,1
cappelle-en-pevele,1
crouy,1
malansac,1
notre-dame-de-bondeville,1
blanzy,1
montagny-sainte-felicite,1
basse-pointe,1
souppes-sur-loing,1
marolles,1
montmeyran,1
damprichard,1
grez-sur-loing,1
buxy,1
precy-sous-thil,1
gouzon,1
tour-en-sologne,1
brionne,1
vauvert,1
damvix,1
arleux,1
grandpre,1
saint-beauzire,1
solre-le-chateau,1
seby,1
crisolles,1
pardies,1
noeux-les-mines,1
saint-cere,1
mareuil-le-port,1
etrembieres,1
landouzy-la-cour,1
trois-rivieres,1
divonne-les-bains,1
vaiges,1
maroilles,1
ezy-sur-eure,1
noues de sienne,1
belle-isle-en-terre,1
lailly-en-val,1
nouan-le-fuzelier,1
argeles-sur-mer,1
lyon 9eme,1
monchy-au-bois,1
ouville,1
la bassee,1
wadelincourt,1
flumet,1
luriecq,1
charron,1
saint-loup-du-dorat,1
sathonay-camp,1
bourcefranc-le-chapus,1
villers l'hopital,1
geishouse,1
la chapelle-sur-erdre,1
issus,1
la jonchere,1
oucques la nouvelle,1
val d'oust,1
venissieux,1
montoir-de-bretagne,1
biguglia,1
vrigny,1
roquefort,1
leers,1
friville-escarbotin,1
marcoussis,1
lassay-les-chateaux,1
rosiers d'egletons,1
joyeuse,1
pierres,1
pers-jussy,1
saint-aubin-des-ormeaux,1
miremont,1
varennes-sur-seine,1
annouville-vilmesnil,1
le cres,1
froncles,1
meisenthal,1
campagne-les-hesdin,1
chomerac,1
tremuson,1
teting-sur-nied,1
ozoir-la-ferriere,1
coulaines,1
saint-mamert-du-gard,1
celles-sur-plaine,1
viriville,1
la mothe-saint-heray,1
mouzillon,1
mittelschaeffolsheim,1
doucier,1
les velluire-sur-vendee,1
neufgrange,1
launac,1
drouges,1
la neuville-à-maire,1
baume-les-dames,1
deville-les-rouen,1
les mees,1
lecluse,1
alleriot,1
dannemarie,1
fitou,1
pont-de-veyle,1
yffiniac,1
piolenc,1
pinet,1
gray,1
precheur,1
sainte-magnance,1
portiragnes,1
hombourg-budange,1
saulxures-les-bulgneville,1
charvieu-chavagneux,1
campet-et-lamolere,1
les houches,1
jonchery-sur-vesle,1
chatillon,1
morsbronn-les-bains,1
caumont-sur-durance,1
ploumilliau,1
saint-sauveur-des-landes,1
saint-savinien,1
liguge,1
le cheylas,1
potigny,1
toulon-sur-arroux,1
andeville,1
sable-sur-sarthe,1
giverville,1
bignan,1
puyreaux,1
chalette-sur-loing,1
noyers-pont-maugis,1
la clusaz,1
vitre,1
guipry-messac,1
auxon,1
vaucouleurs,1
chavagne,1
athis-val de rouvre,1
tomblaine,1
sisco,1
castillon-la-bataille,1
montbonnot-saint-martin,1
puyloubier,1
mercey-le-grand,1
ugine,1
bordeaux-saint-clair,1
le croisic,1
breville-les-monts,1
saint-lumine-de-clisson,1
cany-barville,1
sainte-pazanne,1
marcoing,1
saint-georges-sur-eure,1
le pouliguen,1
andancette,1
trinite,1
losne,1
fourchambault,1
neauphle-le-chateau,1
loudun,1
la vaupaliere,1
achicourt,1
vieille-eglise,1
etrelles,1
marseille 2,1
chavanod,1
saint jean d'aulps,1
veauche,1
gauciel,1
ducey-les cheris,1
landevant,1
donnery,1
neuvecelle,1
baralle,1
raimbeaucourt,1
beaumes-de-venise,1
cheffes,1
artenay,1
breteil,1
lyon 5eme,1
roujan,1
sarceaux,1
nestier,1
saint-molf,1
val-de-saane,1
marin,1
roquebilliere,1
le merzer,1
lisle-sur-tarn,1
echirolles,1
soullans,1
saint-aubin,1
onesse-laharie,1
terranjou,1
airvault,1
villabe,1
arzens,1
mours-saint-eusebe,1
vallon pont d'arc,1
balaze,1
mandres-la-cote,1
lyon 4eme,1
illfurth,1
saint-folquin,1
gouex,1
aulnay-sur-marne,1
saugues,1
saint-gervais-en-belin,1
sarreguemines,1
bonnieres-sur-seine,1
plouarzel,1
bazet,1
aubigny-sur-nere,1
roche,1
cergy,1
saint-baldoph,1
plounevezel,1
herimoncourt,1
delme,1
rupt-sur-moselle,1
berne,1
saint-trojan-les-bains,1
pont-de-vaux,1
servon-sur-vilaine,1
amfreville-la-mi-voie,1
aoste,1
saint-mihiel,1
notre-dame-de-commiers,1
rosieres-en-santerre,1
montherme,1
combourg,1
grasse,1
saint-dionisy,1
chateau-la-valliere,1
rosselange,1
garrigues,1
montbozon,1
villejuif,1
bray-sur-seine,1
martigne-ferchaud,1
saint-jean-de-maurienne,1
annezin,1
champs-sur-marne,1
lans-en-vercors,1
lacanau,1
la hague,1
jonchery,1
beaumont-sur-sarthe,1
robert-espagne,1
champdeuil,1
montchal,1
troisvilles,1
perthes,1
port-jerome-sur-seine,1
quilly,1
amou,1
piriac-sur-mer,1
saint-symphorien-des-bruyeres,1
perrigny-les-dijon,1
l'arbresle,1
sablons-sur-huisne,1
formerie,1
reuilly,1
amelie-les-bains-palalda,1
le val d'ajol,1
la motte,1
gabarret,1
wignehies,1
saint-eloi,1
knutange,1
villerupt,1
cazes-mondenard,1
montrieux-en-sologne,1
saint-julien-de-civry,1
menil-erreux,1
saint-denis-en-bugey,1
mons-en-baroeul,1
cestas,1
conilhac-corbieres,1
vieux-conde,1
morieres-les-avignon,1
la pacaudiere,1
chamberet,1
orainville,1
campagne-les-guines,1
chamaret,1
soucy,1
ruffec,1
bonnut,1
sornac,1
oermingen,1
condat-sur-vienne,1
septemes-les-vallons,1
sauveterre-de-comminges,1
barlin,1
ile-aux-moines,1
saint-branchs,1
leudeville,1
paillet,1
goderville,1
locoal-mendon,1
gallardon,1
orignolles,1
larmor-baden,1
signy l'abbaye,1
pont l'abbe,1
l'hopital,1
saint-gely-du-fesc,1
les loges,1
moussoulens,1
saint-avit,1
eguilles,1
tallende,1
saint-nicolas-du-pelem,1
saint-sebastien-de-morsent,1
oyrieres,1
magalas,1
hallennes-lez-haubourdin,1
laval-pradel,1
thiron-gardais,1
la norville,1
itteville,1
monce-en-belin,1
montayral,1
saint-laurent-sur-saone,1
pontcharra,1
frasnoy,1
fournels,1
pontivy,1
esquerdes,1
voisins-le-bretonneux,1
rochechouart,1
mercatel,1
corbere-les-cabanes,1
macau,1
dives-sur-mer,1
la riviere,1
la francheville,1
quevert,1
neuille-pont-pierre,1
azay-le-rideau,1
saint-bonnet-de-mure,1
cousances-les-forges,1
valgelon-la rochette,1
publier,1
sassenage,1
boulogne-billancourt,1
la haye,1
saint-nicolas-de-redon,1
saint-vincent-des-pres,1
euville,1
varangeville,1
mortagne-sur-sevre,1
saint-mards-en-othe,1
apprieu,1
mansigne,1
sainte-marie,1
valras-plage,1
saint-pierre-du-regard,1
barbaira,1
leffrinckoucke,1
poisy,1
sainte-croix-en-plaine,1
robion,1
senan,1
verneuil-en-halatte,1
lagny-sur-marne,1
mezilles,1
nancray,1
corneilhan,1
moyaux,1
lion-sur-mer,1
peyrehorade,1
chauny,1
curchy,1
gignac,1
rountzenheim-auenheim,1
francescas,1
saint-just,1
volmunster,1
champignelles,1
clery-saint-andre,1
brie-comte-robert,1
aigues-vives,1
lusignan,1
biache-saint-vaast,1
coudekerque-branche,1
artigues-pres-bordeaux,1
pontavert,1
campagne,1
smarves,1
saint-maximin,1
lamastre,1
dompierre-sur-mer,1
villaines-sous-bois,1
canet,1
longny les villages,1
saint-aubin-de-medoc,1
grand-auverne,1
les echelles,1
sommepy-tahure,1
longmesnil,1
livry-gargan,1
venarey-les-laumes,1
caden,1
la meziere,1
ville-sous-la-ferte,1
saint-medard-en-jalles,1
villenauxe-la-grande,1
meysse,1
franvillers,1
cartignies,1
santes,1
val-de-scie,1
coulombs,1
roussillon,1
janailhac,1
la chapelle-palluau,1
cachan,1
choisy-en-brie,1
morsang-sur-orge,1
gries,1
navarrenx,1
les vans,1
fougerolles-saint-valbert,1
durmenach,1
ciboure,1
ferques,1
camors,1
saint-verand,1
saint benin d'azy,1
champagne-en-valromey,1
paris 2,1
arpajon-sur-cere,1
lavernose-lacasse,1
saint-julien-de-concelles,1
chelles,1
elliant,1
la chapelle-glain,1
prigonrieux,1
lannilis,1
saint-etienne-les-remiremont,1
brassac,1
neuvic,1
egletons,1
chabanais,1
arques-la-bataille,1
nontron,1
villemur-sur-tarn,1
monticello,1
rethel,1
senonches,1
lourmarin,1
fesches-le-chatel,1
le pont-de-beauvoisin,1
la couture,1
premanon,1
sampans,1
andelnans,1
cusset,1
saint-christophe-du-ligneron,1
noyelles-godault,1
chevigny-saint-sauveur,1
dargnies,1
nieul-sur-mer,1
doubs,1
fenouillet,1
yainville,1
avesnes-les-aubert,1
voreppe,1
marvejols,1
domart-en-ponthieu,1
chateau-landon,1
teloche,1
dombasle-sur-meurthe,1
pamproux,1
mareuil-sur-lay-dissais,1
villeneuve-les-maguelone,1
puget-sur-argens,1
pomarez,1
bluffy,1
morteau,1
wattignies,1
esternay,1
saint-germain-du-puy,1
poullan-sur-mer,1
saint-gervasy,1
moux-en-morvan,1
aramon,1
hesdigneul-les-bethune,1
coupvray,1
chateauneuf-sur-loire,1
saint-gervais,1
grenade,1
mery-es-bois,1
leimbach,1
croisilles,1
sainte-jamme-sur-sarthe,1
cartelegue,1
anglure,1
mayenne,1
coubon,1
baye,1
ambronay,1
braine,1
martres-tolosane,1
heming,1
saint maixent l'ecole,1
colomars,1
warhem,1
boulon,1
bazouges cre sur loir,1
poligny,1
cavignac,1
peronne,1
saint-martin-la-pallu,1
courbevoie,1
cherveux,1
grainville-langannerie,1
pons,1
meyssac,1
la magdelaine-sur-tarn,1
artix,1
moisdon-la-riviere,1
sussargues,1
saint-martin-en-bresse,1
guise,1
gamaches,1
carbonne,1
dourdan,1
valprivas,1
vuillafans,1
grimaud,1
souligne-sous-ballon,1
panissieres,1
voujeaucourt,1
ydes,1
vallieres-sur-fier,1
stains,1
saint-yzan-de-soudiac,1
wizernes,1
marseille 11,1
serquigny,1
diou,1
correns,1
aureilhan,1
vic-fezensac,1
sangatte,1
saint-victor-en-marche,1
haillicourt,1
koenigsmacker,1
lamarque,1
saint-symphorien,1
vignacourt,1
breilly,1
tremorel,1
landebia,1
geveze,1
cheix-en-retz,1
valleres,1
novillars,1
bourg-de-visa,1
epinouze,1
mieussy,1
cazaubon,1
semalens,1
saint-quentin-la-poterie,1
mions,1
perrecy-les-forges,1
suippes,1
pavilly,1
ribeauville,1
lempdes,1
courdemanche,1
caulnes,1
augy,1
graveson,1
le castellet,1
montsalvy,1
gouesnou,1
gerzat,1
cire d'aunis,1
rives de l'yon,1
quarante,1
pontoise,1
renaison,1
fontvieille,1
saint-etienne-sur-chalaronne,1
marcille-la-ville,1
vasselay,1
saint-joseph-de-riviere,1
aubigne-racan,1
saulieu,1
vion,1
fontenay,1
machilly,1
antagnac,1
saint-benigne,1
fleurieux sur l'arbresle,1
la cote,1
obermorschwiller,1
sellieres,1
leuville-sur-orge,1
le haillan,1
tavaux,1
soisy-sous-montmorency,1
toucy,1
taradeau,1
riquewihr,1
sauzet,1
cissac-medoc,1
le houlme,1
la richardais,1
mauron,1
saint-salvy-de-la-balme,1
bazeilles,1
evian-les-bains,1
monclar-de-quercy,1
tende,1
chateauneuf-du-faou,1
bouaye,1
peyrelevade,1
phalsbourg,1
villeneuve-en-perseigne,1
athis-mons,1
nivillac,1
le portel,1
beaurains,1
demouville,1
rety,1
nogent,1
portets,1
saron-sur-aube,1
saint-laurent-blangy,1
verny,1
entraygues-sur-truyere,1
villiers-saint-georges,1
pont-sur-yonne,1
courbouzon,1
saint-briac-sur-mer,1
cierp-gaud,1
deneuvre,1
mamirolle,1
saint-etienne-au-mont,1
sene,1
essert-romand,1
fessenheim,1
lucciana,1
estevelles,1
villespy,1
st-jean-de-maruejols-et-avejan,1
mouthe,1
tremargat,1
tavel,1
realmont,1
pierreval,1
nogent-le-rotrou,1
aire sur l'adour,1
chatenoy-le-royal,1
trelon,1
mouleydier,1
padoux,1
saint-fraimbault-de-prieres,1
vauvillers,1
guyans-vennes,1
savigny-en-revermont,1
plouzane,1
nebouzat,1
oletta,1
sully-sur-loire,1
ergue-gaberic,1
boersch,1
benet,1
ruelle-sur-touvre,1
hochfelden,1
andornay,1
breaute,1
pegomas,1
saint-marcel,1
castelsarrasin,1
saint-fiel,1
chateauneuf-en-thymerais,1
aurec-sur-loire,1
albert,1
vermenton,1
mehun-sur-yevre,1
auch,1
barcelonne,1
jaujac,1
bourg-les-valence,1
louzy,1
bourbriac,1
margencel,1
cap d'ail,1
tain l'hermitage,1
roquefort-les-pins,1
cheny,1
richerenches,1
perignat-les-sarlieve,1
beaurepaire,1
le doulieu,1
la saucelle,1
argentre-du-plessis,1
berd'huis,1
bagneux,1
pringy,1
castets et castillon,1
autry-le-chatel,1
maignelay-montigny,1
burlats,1
saint-sauveur-en-rue,1
saint-jeoire,1
canejan,1
marville,1
montcaret,1
sainte foy l'argentiere,1
rely,1
eyjeaux,1
sailly-lez-lannoy,1
megrit,1
chaulnes,1
beaujeu-vallier-pierrejux-quitte,1
vue,1
ance feas,1
ivry-la-bataille,1
tilloy-les-mofflaines,1
soubise,1
taintrux,1
lamarche,1
violaines,1
la verdiere,1
auray,1
la bathie,1
medis,1
binic-etables-sur-mer,1
riedisheim,1
amilly,1
francheville,1
mouy,1
rosheim,1
saint antoine l'abbaye,1
charly-sur-marne,1
le breuil-sur-couze,1
sergeac,1
puyvert,1
bretigny-sur-orge,1
liesle,1
lodeve,1
les hopitaux-neufs,1
roubaix,1
gieres,1
eaubonne,1
wiesviller,1
la bruffiere,1
saint-paul-les-romans,1
garches,1
l'etrat,1
florimont,1
saint-bonnet-troncais,1
kilstett,1
damigny,1
saint-romain-le-puy,1
urcuit,1
quinssaines,1
dampierre-les-bois,1
chenas,1
palavas-les-flots,1
longeville-les-metz,1
amfreville,1
le plessis-grammoire,1
gretz-armainvilliers,1
rexpoede,1
boisme,1
saint-martin-du-tertre,1
eugenie-les-bains,1
guerande,1
plougastel-daoulas,1
baudrecourt,1
marles-les-mines,1
herrlisheim,1
bubry,1
cessenon-sur-orb,1
le plessis-robinson,1
nozay,1
chatillon-sur-seine,1
chatillon-la-palud,1
vernou-sur-brenne,1
dieuze,1
maisons-alfort,1
dun-le-palestel,1
vicq,1
castries,1
toulenne,1
moigny-sur-ecole,1
pont l'abbe d'arnoult,1
mortain-bocage,1
estissac,1
taurignan-vieux,1
valensole,1
tencin,1
plabennec,1
moissy-cramayel,1
la montagne,1
bessey-les-citeaux,1
houilles,1
carnin,1
crusnes,1
bezouce,1
villebernier,1
cesseras,1
meudon,1
remilly-sur-tille,1
isle,1
chevigny-en-valiere,1
prinquiau,1
bretignolles-sur-mer,1
heillecourt,1
clamecy,1
la penne-sur-huveaune,1
vinay,1
homecourt,1
saint-benin-des-bois,1
ballon-saint mars,1
marcille-raoul,1
siorac-en-perigord,1
laussonne,1
eyguieres,1
ventron,1
labarthe-sur-leze,1
neuvy,1
luzy,1
hauteluce,1
pommeret,1
malijai,1
montlouis-sur-loire,1
tregunc,1
la cote-saint-andre,1
licques,1
pouldergat,1
saint-germain-les-corbeil,1
marseille 15,1
labastidette,1
villebret,1
sommevoire,1
saint-usuge,1
cers,1
sauvagnon,1
amblans-et-velotte,1
wintershouse,1
creches-sur-saone,1
diamant,1
saint-remy-sur-durolle,1
montreuil-bellay,1
saint-lieux-les-lavaur,1
chatel-guyon,1
laives,1
montaut,1
lys-haut-layon,1
treize-septiers,1
sinceny,1
grammond,1
pexiora,1
ligny-le-chatel,1
calenzana,1
roquebrune-cap-martin,1
loison-sous-lens,1
roncq,1
clerac,1
saint-valerien,1
condom,1
hersin-coupigny,1
faverges-seythenex,1
vieux-berquin,1
essey-les-nancy,1
la garde-adhemar,1
bruguieres,1
saint-lary-soulan,1
parc d'anxtot,1
samer,1
sauvigny-le-bois,1
vernegues,1
lacropte,1
saint-georges-haute-ville,1
vaulx-vraucourt,1
merdrignac,1
vosnon,1
saint-clement,1
izon,1
saint-germain-des-pres,1
saint-thegonnec loc-eguiner,1
cugnaux,1
gannay-sur-loire,1
ambon,1
saint-fulgent,1
huisseau-sur-cosson,1
lyon 2eme,1
saint-manvieu-norrey,1
montmartin-sur-mer,1
mars-sur-allier,1
la chaize-giraud,1
la madeleine-de-nonancourt,1
essoyes,1
le thuit de l'oison,1
fresselines,1
yenne,1
raves,1
clarac,1
thierville-sur-meuse,1
portel-des-corbieres,1
saint-sulpice-de-royan,1
nandy,1
lezay,1
feigneux,1
sainte-gemme-la-plaine,1
menucourt,1
sorbiers,1
penestin,1
dachstein,1
lalanne-trie,1
lixing-les-saint-avold,1
penmarch,1
gonfaron,1
coudoux,1
brulon,1
la tronche,1
colombey-les-belles,1
bourgneuf,1
chepy,1
pezou,1
sainte-anne,1
lourdes,1
marguerittes,1
valence-en-poitou,1
saint-jean-de-vedas,1
saint romain d'ay,1
barberaz,1
prades,1
la chapelle-saint-fray,1
chateauneuf-les-martigues,1
vicq-sur-breuilh,1
saint julien l'ars,1
spay,1
artas,1
mauzac,1
seingbouse,1
muille-villette,1
saignes,1
betheny,1
saint-jean-de-liversay,1
camaret-sur-aigues,1
gente,1
aubeterre-sur-dronne,1
spechbach,1
campagnac,1
corte,1
jouy-le-moutier,1
villard-sallet,1
tsingoni,1
morbecque,1
andernos-les-bains,1
saint-viatre,1
prefailles,1
zudausques,1
guiche,1
grosville,1
saint-uze,1
sarre-union,1
saint-felicien,1
la reole,1
ciry-salsogne,1
seremange-erzange,1
aumetz,1
chavanay,1
bonnee,1
molac,1
hayange,1
saint-germain-en-laye,1
saint-gilles-croix-de-vie,1
rougemontiers,1
moosch,1
saint-symphorien-de-marmagne,1
sancey,1
eydoche,1
kirrwiller,1
douvaine,1
langeac,1
barcelonnette,1
gargas,1
gignac-la-nerthe,1
gouzeaucourt,1
vittel,1
saint-nazaire-le-desert,1
steenbecque,1
sainte-anne-sur-vilaine,1
loos,1
villeparisis,1
muespach,1
saint-exupery-les-roches,1
charleval,1
chabottes,1
sornay,1
saint-nicolas-de-la-taille,1
erstein,1
pouilly-en-auxois,1
ardelles,1
lanvollon,1
coursan,1
sainte-mere-eglise,1
saint pierre d'irube,1
maisse,1
rouillac,1
le vernet-chameane,1
limonest,1
berlaimont,1
saint-martin-de-fontenay,1
brignoles,1
oullins,1
clapiers,1
choloy-menillot,1
tubersent,1
evry-courcouronnes,1
la salvetat-sur-agout,1
val-d'arc,1
louvigne-de-bais,1
mesmont,1
saint-aulaire,1
esmery-hallon,1
mont-saint-martin,1
saint-berthevin,1
la roche-vineuse,1
maraussan,1
durrenbach,1
valsonne,1
voivres-les-le-mans,1
buysscheure,1
callac,1
creissan,1
ria-sirach,1
saint-pierre-du-mont,1
ville-la-grand,1
cadours,1
trelaze,1
cahuzac-sur-vere,1
torcy-le-petit,1
pont d'ouilly,1
le mont-saint-adrien,1
soorts-hossegor,1
la baume-de-transit,1
heches,1
bischwiller,1
montfort-sur-meu,1
allogny,1
vallenay,1
saint-nabord,1
simiane-collongue,1
graulhet,1
saintes,1
le montat,1
saint-martin-de-bavel,1
coulobres,1
valbonne,1
habere-poche,1
cheffois,1
chaponost,1
le chatelet-en-brie,1
berre l'etang,1
issoudun,1
salindres,1
lyon 1er,1
ambillou,1
couzeix,1
bellegarde-en-forez,1
sainte-radegonde,1
brens,1
damparis,1
mont lozere et goulet,1
la tranche-sur-mer,1
caluire-et-cuire,1
villelongue-de-la-salanque,1
chatenoy-en-bresse,1
la bouexiere,1
montblanc,1
saint andre goule d'oie,1
muzillac,1
richebourg,1
bailleul,1
caissargues,1
plouay,1
sevremont,1
houppeville,1
mezeray,1
blerancourt,1
juvisy-sur-orge,1
naucelles,1
ares,1
villenoy,1
chamoux-sur-gelon,1
froeningen,1
greasque,1
vignes,1
arnas,1
revin,1
grenay,1
domevre-sur-aviere,1
buhl-lorraine,1
coise,1
saint-genis-de-saintonge,1
clary,1
lumbres,1
bellegarde,1
margny-les-compiegne,1
epinay-sous-senart,1
genilac,1
jouarre,1
wolfgantzen,1
loudes,1
redessan,1
plenee-jugon,1
etival-clairefontaine,1
la broque,1
caillac,1
abzac,1
tremolat,1
frontignan,1
montguyon,1
thure,1
les cluses,1
bermerain,1
catillon-fumechon,1
grandparigny,1
romagne,1
la neuville-aux-larris,1
jouhet,1
bousbecque,1
ifs,1
burnhaupt-le-haut,1
la fresnais,1
stiring-wendel,1
thyez,1
bedoin,1
domont,1
pont-de-salars,1
montsoult,1
gondrin,1
eppeville,1
le cheylard,1
sausheim,1
montreuil l'argille,1
vitry-en-artois,1
huningue,1
villiers-le-morhier,1
thevet-saint-julien,1
saint-bonnet-le-chateau,1
bogeve,1
jarnages,1
moelan-sur-mer,1
lay-saint-christophe,1
saint-saturnin-les-apt,1
lembras,1
verines,1
viuz-la-chiesaz,1
aizenay,1
sainte-gauburge-sainte-colombe,1
allassac,1
amettes,1
saint-seurin-de-cursac,1
la courneuve,1
le cayrol,1
lavaur,1
drusenheim,1
plumeliau-bieuzy,1
rougemont,1
chenevelles,1
vindry-sur-turdine,1
bracieux,1
miramas,1
saint-sulpice-sur-leze,1
plouenan,1
mainvilliers,1
aillevillers-et-lyaumont,1
saffre,1
seur,1
la ricamarie,1
ecommoy,1
beaulon,1
saint-ave,1
saint-martin-sur-cojeul,1
evron,1
le chambon-feugerolles,1
saint-michel-de-rieufret,1
domancy,1
doumy,1
le passage,1
bonnetable,1
cereste,1
marckolsheim,1
san-giuliano,1
chatenois,1
rozay-en-brie,1
montgru-saint-hilaire,1
mareuil-sur-arnon,1
soultz-haut-rhin,1
montaigut-le-blanc,1
fouesnant,1
desaignes,1
ectot l'auber,1
proville,1
montricoux,1
longeau-percey,1
montbard,1
landrecies,1
gueugnon,1
lamagistere,1
besne,1
talant,1
saint-pierre-de-chandieu,1
saint-andre-des-eaux,1
bas-en-basset,1
selles,1
senas,1
avelin,1
sallanches,1
bretteville-sur-laize,1
viry-noureuil,1
redon,1
irigny,1
gelacourt,1
blenod-les-pont-à-mousson,1
la gacilly,1
montesson,1
montaudin,1
boulieu-les-annonay,1
picauville,1
fontcouverte-la-toussuire,1
barreme,1
beauchamp,1
martel,1
pont-à-mousson,1
montrichard-val-de-cher,1
is-sur-tille,1
frehel,1
genay,1
saint-genis-laval,1
arros-de-nay,1
sundhoffen,1
chef-haut,1
rion-des-landes,1
plescop,1
montigny-sur-aube,1
vasles,1
esquieze-sere,1
bapaume,1
surgeres,1
chilleurs-aux-bois,1
mervans,1
saint-bonnet-de-joux,1
montreux-chateau,1
parempuyre,1
les ulis,1
fleury-sur-orne,1
wittelsheim,1
froissy,1
benfeld,1
igney,1
chaumontel,1
meung-sur-loire,1
arc-les-gray,1
marsannay-la-cote,1
la sauve,1
saint-leger-des-vignes,1
vif,1
avesnes-sur-helpe,1
gouy-sous-bellonne,1
sainte-marie-de-gosse,1
pont de l'isere,1
bouin-plumoison,1
hon-hergies,1
boujan-sur-libron,1
bresles,1
rainneville,1
saint-arnoult-en-yvelines,1
avrille,1
thesee,1
chauvigny,1
clecy,1
guerting,1
douarnenez,1
saint-aunes,1
chanu,1
la chapelle-sous-orbais,1
galgon,1
le grand-luce,1
nanteuil-en-vallee,1
vireux-wallerand,1
saint-michel-de-maurienne,1
donnemarie-dontilly,1
vieille-brioude,1
valognes,1
pornichet,1
simorre,1
rocheserviere,1
pibrac,1
vayres-sur-essonne,1
esqueheries,1
thaon,1
toufflers,1
peyssies,1
saint-mathieu-de-treviers,1
limay,1
ouistreham,1
rouy,1
jarnac,1
villiers-le-sec,1
mirebeau,1
mozac,1
montgesoye,1
dagneux,1
aspach-le-bas,1
le bernard,1
l'isle-d'abeau,1
le kremlin-bicetre,1
dun-sur-auron,1
torpes,1
sillans,1
chateau-thierry,1
port-sainte-foy-et-ponchapt,1
bezu-saint-eloi,1
flize,1
saint-clar-de-riviere,1
illkirch-graffenstaden,1
jarville-la-malgrange,1
plouhinec,1
bartenheim,1
ronchin,1
amanvillers,1
longchamp,1
castelnau d'estretefonds,1
checy,1
vezeronce-curtin,1
saint-nizier-le-desert,1
villerville,1
vallet,1
montmerle-sur-saone,1
gerstheim,1
davezieux,1
la haye-pesnel,1
les avenieres veyrins-thuellin,1
praz-sur-arly,1
yutz,1
bauzy,1
fameck,1
mimet,1
linselles,1
esterencuby,1
bootzheim,1
plan d'orgon,1
jumilhac-le-grand,1
sault,1
saint-denis-des-monts,1
pervencheres,1
felletin,1
guerigny,1
saint-hilaire-du-rosier,1
la bernardiere,1
canly,1
alixan,1
fontcouverte,1
bois-le-roi,1
rang,1
ouillon,1
narcy,1
saint-jeannet,1
saint-jorioz,1
taverny,1
saint-vincent,1
yzernay,1
theza,1
hoenheim,1
bellevigne,1
verneuil-sur-seine,1
dol-de-bretagne,1
jeumont,1
malakoff,1
venizel,1
septeme,1
hery,1
lambersart,1
gond-pontouvre,1
saint-juery,1
saint-sulpice-les-champs,1
vire,1
saint-priest-sous-aixe,1
arcay,1
domblain,1
mennecy,1
cassis,1
vautorte,1
cerise,1
montbazin,1
rognac,1
andrezieux-boutheon,1
ozillac,1
saclas,1
bricon,1
roiffieux,1
sain-bel,1
neuilly-saint-front,1
tourrettes,1
alba-la-romaine,1
verdilly,1
orlienas,1
saint ouen l'aumone,1
merlines,1
aniche,1
clohars-fouesnant,1
baugy,1
megeve,1
talencieux,1
ventiseri,1
diebling,1
fontaine-etoupefour,1
lamotte-beuvron,1
la chapelle-launay,1
chateau-arnoux-saint-auban,1
saint-etienne-de-villereal,1
blere,1
illiers-combray,1
tessy-bocage,1
saint-germain-laprade,1
trevou-treguignec,1
la haie-fouassiere,1
chateauneuf-sur-cher,1
ferrieres-en-gatinais,1
saint-pierre-la-noaille,1
celles-sur-durolle,1
taninges,1
grans,1
lillebonne,1
gilley,1
saint-mars-la-briere,1
marigny-chemereau,1
champignol-lez-mondeville,1
damery,1
le thoronet,1
deauville,1
lalande-en-son,1
gallargues-le-montueux,1
saint-paul-de-fourques,1
saint-lunaire,1
romaneche-thorins,1
la forge,1
villaines-la-juhel,1
mirecourt,1
bellignat,1
villeneuve-de-marc,1
precigne,1
maclas,1
monts-sur-guesnes,1
fumay,1
saint-hippolyte-du-fort,1
percy-en-normandie,1
bouillante,1
montrejeau,1
sarlat-la-caneda,1
morigny-champigny,1
saint-clement-des-levees,1
trebes,1
afa,1
sigean,1
lieusaint,1
flaviac,1
ham-en-artois,1
montrevault-sur-evre,1
loue,1
eloyes,1
moussy,1
le monastere,1
auchy-les-mines,1
malville,1
assevent,1
puteaux,1
saint-genest-lerpt,1
evrecy,1
donzenac,1
selles-sur-cher,1
port-en-bessin-huppain,1
serrieres-de-briord,1
maiche,1
wasquehal,1
sainte-soulle,1
vesseaux,1
l'hay-les-roses,1
brignais,1
vorey,1
nay,1
authieule,1
esse,1
juvigny les vallees,1
tavaux-et-pontsericourt,1
pomerols,1
lafrancaise,1
laxou,1
fontaine-les-luxeuil,1
etupes,1
val-de-meuse,1
pianottoli-caldarello,1
saint-remy-les-chevreuse,1
les bordes,1
coteaux du lizon,1
ychoux,1
tullins,1
orval sur sienne,1
longeville-les-saint-avold,1
cairon,1
morne a l'eau,1
larmor-plage,1
negrepelisse,1
hambers,1
bruyeres-et-montberault,1
pierre-buffiere,1
sainte-colombe-sur-seine,1
frontenaud,1
gouaix,1
labergement-sainte-marie,1
mery-sur-oise,1
fouquereuil,1
laille,1
isigny-le-buat,1
fleury-les-aubrais,1
saint-christo-en-jarez,1
rozier-en-donzy,1
chize,1
sail-sous-couzan,1
brou,1
crouttes,1
les trois-ilets,1
mantes-la-ville,1
conlie,1
tillieres-sur-avre,1
izernore,1
domarin,1
pont-en-royans,1
sillery,1
apremont,1
saint-avit-saint-nazaire,1
trith-saint-leger,1
pont-de-roide-vermondans,1
marcenat,1
morre,1
forges-les-bains,1
noidans-les-vesoul,1
saint-julien-de-coppel,1
ormesson-sur-marne,1
rixheim,1
mas-saintes-puelles,1
herbignac,1
saint-remy,1
brantome en perigord,1
sainte-menehould,1
boulbon,1
fraize,1
la ferriere-aux-etangs,1
saint-leger-sous-brienne,1
laluque,1
muron,1
vernon,1
corbie,1
cassel,1
l'hospitalet,1
ozan,1
trouy,1
saint-jean-du-pin,1
leudon-en-brie,1
saint-pierre-en-auge,1
villiers-le-bel,1
saint-haon-le-vieux,1
merville,1
lussant,1
belloy-en-france,1
valuejols,1
tournehem-sur-la-hem,1
lannemezan,1
loperhet,1
montbrun-les-bains,1
saint-gerand-le-puy,1
pont-saint-pierre,1
montigny-en-ostrevent,1
noisiel,1
rochegude,1
saulces-monclin,1
wallers,1
aubepierre-ozouer-le-repos,1
lambres-lez-douai,1
mourenx,1
lamalou-les-bains,1
pont-pean,1
rebrechien,1
la chaize-le-vicomte,1
puymeras,1
cadalen,1
fondettes,1
pouru-saint-remy,1
arzano,1
morbier,1
pontchateau,1
maulette,1
moissac-bellevue,1
soubes,1
bonnes,1
aussonne,1
ceyrat,1
hauvine,1
saint-cloud,1
saint-astier,1
mallemort,1
laroque-timbaut,1
molieres-sur-ceze,1
saint-laurent-des-arbres,1
le merevillois,1
roaix,1
la creche,1
lorette,1
rioz,1
etoile-sur-rhone,1
valdalliere,1
saint-nizier-sous-charlieu,1
vix,1
naves,1
neaux,1
beaumont-hamel,1
carbon-blanc,1
les ormes,1
lege-cap-ferret,1
villebon-sur-yvette,1
gardes-le-pontaroux,1
couzon au mont d'or,1
bambecque,1
buxerolles,1
sains-du-nord,1
cargese,1
maurepas,1
rivieres,1
noyal-sur-brutz,1
clion,1
ramatuelle,1
begles,1
gardanne,1
la ville-du-bois,1
saint-symphorien-sur-coise,1
henrichemont,1
loire-authion,1
roscoff,1
rivedoux-plage,1
laigneville,1
niederbronn-les-bains,1
aiserey,1
noisseville,1
chatel,1
saint-viaud,1
calonne-ricouart,1
estivareilles,1
job,1
fabrezan,1
vigneux-de-bretagne,1
maze-milon,1
ingre,1
dinan,1
caves,1
portet-sur-garonne,1
mauze-sur-le-mignon,1
marcelcave,1
offemont,1
grilly,1
roulans,1
terres-de-caux,1
saint-paul-et-valmalle,1
epinay-sur-duclair,1
veron,1
gizaucourt,1
vaivre-et-montoille,1
varennes-le-grand,1
sainghin-en-weppes,1
saint-denis-lanneray,1
savy-berlette,1
tinteniac,1
fareins,1
wormhout,1
la balme-de-sillingy,1
espiet,1
la chapelle d'armentieres,1
rechicourt-le-chateau,1
salmiech,1
meurchin,1
la frette,1
beaumont-en-veron,1
gan,1
turckheim,1
brunstatt-didenheim,1
mouroux,1
segre-en-anjou bleu,1
weyersheim,1
quissac,1
laigne-en-belin,1
valreas,1
saint-yvi,1
beauvois-en-cambresis,1
chanaz,1
groisy,1
saint-didier-en-velay,1
cauchy-à-la-tour,1
reignier-esery,1
masnieres,1
vercel-villedieu-le-camp,1
villers,1
saint-pierre-de-chignac,1
connerre,1
monsempron-libos,1
rieupeyroux,1
mondevert,1
montpeyroux,1
mison,1
wihr-au-val,1
pont-croix,1
montmorency,1
morestel,1
ruffey-sur-seille,1
le val,1
le mesnil-sous-jumieges,1
sin-le-noble,1
chaussin,1
sillars,1
venejan,1
demi-quartier,1
givry,1
bassan,1
sancoins,1
courset,1
boulazac isle manoire,1
cornimont,1
wintzenheim,1
l'etang sale,1
le port-marly,1
amboise,1
montville,1
taupont,1
wavrin,1
realville,1
duras,1
rognes,1
saint-romain-de-colbosc,1
saint-poncy,1
molsheim,1
saint-hilaire-lez-cambrai,1
garlan,1
pont-sur-seine,1
baudrieres,1
noirefontaine,1
noyal-chatillon-sur-seiche,1
maen roch,1
saint-jean-d'elle,1
saint-mars-du-desert,1
mireval-lauragais,1
ormoy,1
marsillargues,1
senlis,1
sainte-catherine,1
villers-saint-paul,1
petiville,1
soulaines-dhuys,1
montigny-sur-loing,1
le mee-sur-seine,1
sainte-foy-de-peyrolieres,1
condrieu,1
candas,1
fayence,1
les hauts-d'anjou,1
saint-trivier-sur-moignans,1
verson,1
la murette,1
colombe,1
jurancon,1
beauchastel,1
la tour-de-salvagny,1
sanary-sur-mer,1
honfleur,1
chatillon-sur-cluses,1
luyeres,1
meteren,1
merignac,1
douvres,1
rochefort-sur-nenon,1
montignac-lascaux,1
le puy-sainte-reparade,1
troarn,1
hendaye,1
chantepie,1
rohrwiller,1
le barp,1
saint-ybard,1
le broc,1
cognin,1
cesson,1
les fins,1
ligneyrac,1
elancourt,1
clohars-carnoet,1
bellevigne-les-chateaux,1
arelaune-en-seine,1
roisey,1
ancerville,1
annebault,1
coucy-le-chateau-auffrique,1
chadrac,1
salins-les-bains,1
chef-boutonne,1
ormes,1
marnaz,1
saint-gaudens,1
saint-martin-des-noyers,1
sorel-moussel,1
eymouthiers,1
marle,1
saint-leger-sous-cholet,1
mousseaux-neuville,1
le peage-de-roussillon,1
la liviniere,1
reparsac,1
lonrai,1
perissac,1
epinay-sur-orge,1
givraines,1
messimy,1
bedarieux,1
savonnieres-devant-bar,1
champguyon,1
dugny-sur-meuse,1
saint-desert,1
vayrac,1
tregueux,1
pontcarre,1
la roquebrussanne,1
loyat,1
aigremont,1
ermont,1
marcorignan,1
cornillon,1
ballan-mire,1
bruz,1
eymet,1
saint-erblon,1
saint-sulpice,1
kesseldorf,1
labastide-marnhac,1
gastes,1
saint-quentin-de-baron,1
thumeries,1
josnes,1
genouillac,1
les salles-du-gardon,1
livry-sur-seine,1
choisey,1
sainte-marie-la-mer,1
montferrier-sur-lez,1
eragny,1
delettes,1
seyssins,1
lisle,1
heilly,1
aubessagne,1
le temple-sur-lot,1
villaz,1
saint barthelemy d'anjou,1
laning,1
bleneau,1
magnac-sur-touvre,1
orgeres-en-beauce,1
rousies,1
beignon,1
vaison-la-romaine,1
chavigny,1
chelers,1
lieuran-les-beziers,1
retonfey,1
sallaumines,1
rueil-malmaison,1
gemozac,1
belley,1
savigne,1
bourbonne-les-bains,1
levignac,1
juvignac,1
colmars,1
arleux-en-gohelle,1
entrelacs,1
landrethun-le-nord,1
vaux-le-penil,1
choisy-le-roi,1
audun-le-tiche,1
chavelot,1
rochemaure,1
bavent,1
taluyers,1
bachant,1
bergheim,1
longuenesse,1
ousse,1
bihorel,1
coignieres,1
bayeux,1
folschviller,1
cormeilles-en-parisis,1
filliere,1
parthenay,1
selongey,1
argeliers,1
clarensac,1
ceauce,1
gavray-sur-sienne,1
pree-d'anjou,1
gouarec,1
saint-hilaire-du-maine,1
trept,1
occhiatana,1
avanton,1
montsecret-clairefougere,1
peyre en aubrac,1
la bachellerie,1
prisse,1
couiza,1
ferel,1
chalabre,1
plancy l'abbaye,1
yvetot,1
polignac,1
la cluse-et-mijoux,1
champigny-sur-marne,1
dompierre-sur-besbre,1
belleherbe,1
manciet,1
franois,1
binges,1
saint-leu-la-foret,1
aigondigne,1
pleudihen-sur-rance,1
pompey,1
pompignan,1
valloire,1
vailly-sur-aisne,1
bourg-des-comptes,1
saint-paul-les-durance,1
marseille 16,1
saint-saens,1
fontaine-le-comte,1
douzens,1
genech,1
fontaines-sur-saone,1
moirans-en-montagne,1
vigneux-sur-seine,1
frangy,1
lavelanet,1
evry-gregy-sur-yerre,1
la grandville,1
avoudrey,1
saint-leon,1
chamonix-mont-blanc,1
chevreuse,1
thoiry,1
marciac,1
montbrehain,1
saint-pardoux-isaac,1
vougy,1
grisolles,1
provenchere,1
nieuil l'espoir,1
fruges,1
bourdettes,1
mers-les-bains,1
la crau,1
la roche-maurice,1
lieurey,1
souvigne,1
villaines-sous-malicorne,1
courcelles-les-lens,1
colleville-montgomery,1
bourg-argental,1
salses-le-chateau,1
civray-de-touraine,1
ogeu-les-bains,1
le gua,1
ger,1
saint-laurent-des-hommes,1
caudan,1
saint-aubin-du-cormier,1
rostrenen,1
caussade,1
tarare,1
meaulte,1
servieres-le-chateau,1
craon,1
jonage,1
tronville-en-barrois,1
la rochette,1
baix,1
argences,1
malicorne-sur-sarthe,1
calvisson,1
la sauniere,1
ennezat,1
dange-saint-romain,1
bagnols-en-foret,1
le may-sur-èvre,1
lancheres,1
rouvroy,1
bretteville-sur-odon,1
terville,1
serignan-du-comtat,1
le donjon,1
plouguin,1
vallons-de-l'erdre,1
saint martin d'ary,1
steene,1
saint-illiers-la-ville,1
brehan,1
saint-mard,1
sassetot-le-mauconduit,1
neuville-sur-sarthe,1
sarrola-carcopino,1
sainte-scolasse-sur-sarthe,1
krautergersheim,1
truchtersheim,1
la ville-aux-clercs,1
la chatre,1
montreuil-juigne,1
comines,1
les rivieres-henruel,1
lafox,1
aignan,1
le poinconnet,1
le noyer,1
seringes-et-nesles,1
ardres,1
chambry,1
saulx-les-chartreux,1
beaugency,1
les pieux,1
fontenilles,1
la chapelle-janson,1
lannoy,1
chessy,1
voulaines-les-templiers,1
carcans,1
saint-castin,1
rouziers-de-touraine,1
le verdon-sur-mer,1
fontenay-le-fleury,1
crach,1
arc-et-senans,1
bannost-villegagnon,1
pitgam,1
rolleville,1
riscle,1
fay-de-bretagne,1
santec,1
val-d'aigoual,1
montataire,1
rompon,1
charenton-le-pont,1
bully,1
westhoffen,1
turny,1
ayzac-ost,1
ligny-en-barrois,1
bessieres,1
saint-gelais,1
brassac-les-mines,1
granges-aumontzey,1
culoz,1
allonnes,1
moncoutant-sur-sevre,1
la genetouze,1
andance,1
accous,1
cordelle,1
mortagne-du-nord,1
montmirail,1
bascons,1
saint-vite,1
sault-de-navailles,1
ableiges,1
briosne-les-sables,1
rouez,1
pommerit-le-vicomte,1
vron,1
saint-marcel-les-valence,1
ille-sur-tet,1
bourth,1
mery-sur-seine,1
romille,1
poitiers,1
saint-jean-soleymieux,1
la puye,1
cours-de-pile,1
saint-martin-des-champs,1
la martre,1
herblay-sur-seine,1
chavagnes-en-paillers,1
villars,1
boivre-la-vallee,1
guesnain,1
plesse,1
labastide-villefranche,1
limons,1
roquefort-des-corbieres,1
appoigny,1
boissise-le-roi,1
frotey-les-vesoul,1
brazey-en-plaine,1
grand-couronne,1
sales,1
jouy,1
grues,1
tresserre,1
vimoutiers,1
la romaine,1
puymoyen,1
saint-marcel-bel-accueil,1
labege,1
saint-hilaire-le-vouhis,1
salies-de-bearn,1
bardos,1
le perreux-sur-marne,1
guichen,1
vitry-aux-loges,1
genets,1
saint-martin-de-seignanx,1
herbinghen,1
bedee,1
cheniers,1
saint-jacut-de-la-mer,1
migennes,1
saverne,1
stosswihr,1
annonay,1
les ponts-de-ce,1
saint-hilaire-saint-mesmin,1
saint-etienne-des-oullieres,1
saint-piat,1
saint-vigor-le-grand,1
lindry,1
saint-julien-les-rosiers,1
monteneuf,1
mouguerre,1
agen,1
anizy-le-grand,1
vers-pont-du-gard,1
crevin,1
saint-julien-en-genevois,1
les fougerets,1
beauvoir-sur-mer,1
soncourt-sur-marne,1
tourrettes-sur-loup,1
ploneour-lanvern,1
saint-riquier,1
lauterbourg,1
eauze,1
gaillon,1
amberieu-en-bugey,1
saint-martial-de-nabirat,1
marigny-le-lozon,1
veretz,1
bono,1
anzin-saint-aubin,1
briare,1
callian,1
saramon,1
la chapelle-taillefert,1
ecouves,1
le luart,1
chateldon,1
bandrele,1
chambray-les-tours,1
tournus,1
montech,1
monferran-saves,1
combs-la-ville,1
verberie,1
premont,1
attignat,1
terssac,1
montesquiou,1
avroult,1
plainfaing,1
le versoud,1
ploumoguer,1
bren,1
labastide-du-temple,1
chevrieres,1
bellevigne-en-layon,1
val-de-bonnieure,1
villers-plouich,1
saint-meloir-des-ondes,1
allevard,1
la jarne,1
neuville-saint-vaast,1
salles,1
begard,1
saint-gratien,1
nivigne et suran,1
lege,1
saint-sulpice-le-gueretois,1
petit-caux,1
lancon-provence,1
verrens-arvey,1
sartrouville,1
pampelonne,1
montcresson,1
estaires,1
saint-genies,1
brumath,1
le bourget-du-lac,1
saint-roch,1
la plaine-sur-mer,1
la chapelle-en-serval,1
saint-clement-sur-durance,1
entre-deux,1
habsheim,1
luxey,1
le monetier-les-bains,1
saint-selve,1
bry-sur-marne,1
unieux,1
landerneau,1
treon,1
cheval-blanc,1
vinca,1
abondant,1
saint-laurent-en-caux,1
beauzac,1
hohfrankenheim,1
rouxmesnil-bouteilles,1
sassenay,1
marcillac-vallon,1
thaon-les-vosges,1
lorgues,1
pontault-combault,1
guipel,1
chazelles,1
mouliherne,1
mesigny,1
montreal,1
charency-vezin,1
croix,1
pays-de-clerval,1
saint-hippolyte,1
saint-georges-des-groseillers,1
verteillac,1
lessard-en-bresse,1
lavilledieu,1
droupt-sainte-marie,1
vouziers,1
chanteloup-les-vignes,1
pignans,1
marsilly,1
loddes,1
saint sauveur d'aunis,1
leognan,1
maintenon,1
bougival,1
saint-jean-de-bournay,1
retournac,1
saint-germain-lembron,1
hermes,1
clavette,1
rousson,1
bernes-sur-oise,1
authie,1
massy,1
le malzieu-ville,1
merinchal,1
beaufort-en-anjou,1
bellengreville,1
pussay,1
araches-la-frasse,1
couffe,1
vinon-sur-verdon,1
vaux-sur-mer,1
ribemont,1
condes,1
barbentane,1
senozan,1
rothau,1
fontaine-la-guyon,1
grand bourgtheroulde,1
aunac-sur-charente,1
gertwiller,1
witry-les-reims,1
ligny-les-aire,1
marlieux,1
innenheim,1
saint-just-malmont,1
savigny-sur-braye,1
rouhe,1
saint-sauveur-de-montagut,1
morvillars,1
gravigny,1
montlignon,1
kaysersberg vignoble,1
lagnes,1
le treport,1
muttersholtz,1
trebry,1
banyuls-sur-mer,1
crayssac,1
serpaize,1
saint-denis-de-jouhet,1
rouvrois-sur-meuse,1
bizanet,1
noiretable,1
saint-pons-de-thomieres,1
londigny,1
jarze villages,1
florange,1
villeneuve d'ascq,1
aigrefeuille d'aunis,1
magny-le-desert,1
saint gery-vers,1
beaufort,1
saint-andre-de-sangonis,1
eygalieres,1
pietrosella,1
les lucs-sur-boulogne,1
vogue,1
fumel,1
aubignan,1
bouloc,1
auriac,1
saint-julien-les-metz,1
damgan,1
saint-georges-de-didonne,1
staple,1
jardres,1
senneville-sur-fecamp,1
paimboeuf,1
salleboeuf,1
les magnils-reigniers,1
heyrieux,1
crosmieres,1
mercy-le-bas,1
le grand-pressigny,1
aigne,1
rexingen,1
uttenheim,1
peyzieux-sur-saone,1
civrac-de-blaye,1
craponne-sur-arzon,1
camiers,1
dombasle-en-xaintois,1
sainte-sigolene,1
poulainville,1
lagrave,1
pointis-inard,1
masseube,1
bruere-allichamps,1
les angles,1
andilly,1
seychalles,1
saint cyr l'ecole,1
bieville-beuville,1
chateauneuf-sur-isere,1
plouezoc'h,1
beaumont-sur-oise,1
saint-agathon,1
ploeren,1
mantes-la-jolie,1
castelmoron-sur-lot,1
marcellaz-albanais,1
willer-sur-thur,1
mesbrecourt-richecourt,1
presles,1
chaumes-en-retz,1
saint-onen-la-chapelle,1
challes-les-eaux,1
plouescat,1
lingolsheim,1
belleneuve,1
longues-sur-mer,1
laruscade,1
thuir,1
vincelles,1
saint-martin-belle-roche,1
lavernat,1
bozel,1
les mollettes,1
villecomtal,1
chaponnay,1
ecueille,1
bretagne-de-marsan,1
oudon,1
oust,1
chassieu,1
saint denis de l'hotel,1
guerpont,1
bois-de-haye,1
saint-claud,1
baratier,1
longvilliers,1
conflans-sainte-honorine,1
molliens-dreuil,1
frelinghien,1
odenas,1
saint-gerand-croixanvec,1
caudies-de-fenouilledes,1
boeil-bezing,1
moyenneville,1
baule,1
chantonnay,1
le bouscat,1
saint pierre d'eyraud,1
briec,1
loudenvielle,1
saint-esprit,1
houdain,1
saint-ciers-du-taillon,1
chassors,1
egly,1
villers-cotterets,1
raucourt-et-flaba,1
argent-sur-sauldre,1
val-d'etangson,1
clefmont,1
huisseau-sur-mauves,1
bazoges-en-pareds,1
villate,1
bandol,1
preseau,1
saillenard,1
ouroux-sur-saone,1
scey-sur-saone-et-saint-albin,1
les leves-et-thoumeyragues,1
segoufielle,1
sillingy,1
bron,1
ernee,1
saint-marcellin-en-forez,1
riantec,1
lasseube,1
desvres,1
vulbens,1
manneville-la-goupil,1
conteville,1
leguevin,1
chatillon-en-bazois,1
claye-souilly,1
lucinges,1
la chapelle-saint-mesmin,1
marcilly-sur-eure,1
lamarche-sur-saone,1
bouxieres-aux-dames,1
jourgnac,1
saint-gobain,1
les garennes sur loire,1
boos,1
saint-augustin-des-bois,1
vieux-lixheim,1
viller,1
plemet,1
aussois,1
pont-aven,1
saint-jean-bonnefonds,1
nelling,1
nonancourt,1
mont,1
vallon-sur-gee,1
port-vendres,1
treguier,1
chablis,1
la garenne-colombes,1
nuits-saint-georges,1
ludies,1
sainte-austreberthe,1
doue-en-anjou,1
cerdon,1
peillac,1
marigny-les-usages,1
dormans,1
ussy-sur-marne,1
guipavas,1
boutigny-sur-essonne,1
gap,1
perreux,1
illzach,1
bouvignies,1
lampertheim,1
castelnau-de-medoc,1
saintes-maries-de-la-mer,1
boe,1
le theil-de-bretagne,1
etaules,1
olonzac,1
viry-chatillon,1
commer,1
heuchin,1
courville,1
dieulefit,1
le plessis-pate,1
chermignac,1
rosporden,1
saint-romain-en-gal,1
tourves,1
guemene-penfao,1
louargat,1
jarny,1
saint-laurent-de-condel,1
hangenbieten,1
villereau,1
velleron,1
valleroy-aux-saules,1
saint-paul-cap-de-joux,1
avion,1
creil,1
beynes,1
kourou,1
pauillac,1
le russey,1
changy,1
saint-laurent-sur-sevre,1
woincourt,1
uzein,1
trange,1
coursac,1
erquy,1
issy-les-moulineaux,1
montemboeuf,1
le pont-chretien-chabenet,1
surzur,1
villeneuve-les-beziers,1
pleaux,1
saint-paul-en-jarez,1
saint-bonnet-le-courreau,1
la ferriere-en-parthenay,1
baud,1
dolus d'oleron,1
ortaffa,1
la vallee-au-ble,1
archigny,1
la roche-blanche,1
saint-germain-en-montagne,1
zegerscappel,1
mornas,1
sainte-bazeille,1
ajain,1
leojac,1
champoly,1
vimines,1
terrasson-lavilledieu,1
la chapelle-rambaud,1
