Ville,Nombre de Salons,Population
toulouse,31,484809
nantes,25,314503
nice,23,342979
strasbourg,21,283745
saint-denis,20,524
saint-denis,20,303
saint-denis,20,111948
saint-denis,20,149313
grenoble,19,160625
montpellier,19,288600
toulon,19,173760
le havre,18,172067
lille,17,234842
annecy,16,130175
perpignan,15,121681
ajaccio,14,71508
dijon,14,160204
cambrai,14,33200
colmar,13,70158
saint-nazaire,12,1248
saint-nazaire,12,71772
saint-nazaire,12,2728
la rochelle,11,77855
la rochelle,11,39
saint-paul,11,227
saint-paul,11,952
saint-paul,11,1592
saint-paul,11,695
saint-paul,11,318
saint-paul,11,698
saint-paul,11,1259
saint-paul,11,159
saint-paul,11,105887
aix-en-provence,11,145676
caen,11,107523
bordeaux,11,257804
reims,11,185576
antibes,10,74161
metz,10,118253
rennes,10,220925
le tampon,10,79705
castres,10,249
castres,10,43082
le mans,10,145776
clermont-ferrand,10,146632
arles,10,53318
cherbourg-en-cotentin,10,81566
cannes,10,74686
cagnes-sur-mer,9,51406
valenciennes,9,43755
la seyne-sur-mer,9,64717
amiens,9,136754
bourges,8,66589
rochefort,8,24845
rochefort,8,242
douai,8,40605
boulogne-sur-mer,8,41320
brive-la-gaillarde,8,48202
saint-leu,8,34030
la ciotat,8,35563
cahors,8,20808
limoges,8,134460
mulhouse,8,110612
brest,8,142748
saint-pierre,8,98
saint-pierre,8,136
saint-pierre,8,247
saint-pierre,8,362
saint-pierre,8,309
saint-pierre,8,657
saint-pierre,8,4178
saint-pierre,8,85083
chartres,8,39763
cayenne,7,61645
calais,7,74581
pau,7,78535
lisieux,7,20986
la valette-du-var,7,24131
cholet,7,55787
villeurbanne,7,148754
saint-louis,7,685
saint-louis,7,21457
saint-louis,7,2501
saint-louis,7,53956
dunkerque,7,88667
millau,7,22844
romilly-sur-seine,7,14756
albi,7,50759
tours,7,138616
avignon,7,93671
beaune,6,21747
vannes,6,55422
martigues,6,48656
draguignan,6,40234
six-fours-les-plages,6,33422
arras,6,41813
bourgoin-jallieu,6,29024
lorient,6,58617
flers,6,15093
flers,6,230
flers,6,198
forbach,6,21858
nancy,6,105743
agde,6,29023
tarbes,6,42590
rouen,6,111760
dieppe,6,29638
brioude,5,7081
talence,5,43574
louviers,5,19069
fort-de-france,5,81006
le port,5,155
le port,5,34438
beauvais,5,57582
bar-le-duc,5,15585
tulle,5,15464
meximieux,5,7871
firminy,5,17389
oyonnax,5,22943
hem,5,18783
maromme,5,11045
melun,5,40348
roanne,5,35059
orange,5,29566
levallois-perret,5,64922
saint-quentin,5,55098
audruicq,5,5465
saint-joseph,5,1931
saint-joseph,5,820
saint-joseph,5,16460
saint-joseph,5,38166
angers,5,156037
aubenas,5,12933
mandelieu-la-napoule,5,22715
manosque,5,22992
nevers,5,34097
la croix-valmer,4,3901
les pennes-mirabeau,4,21321
gravelines,4,11386
versailles,4,87900
drancy,4,71605
la roche-sur-yon,4,57366
troyes,4,62828
vienne,4,29683
lens,4,31614
wittenheim,4,14430
morlaix,4,15028
le pontet,4,127
le pontet,4,17685
saint-michel-chef-chef,4,5078
cluses,4,17454
saint-junien,4,11475
mauges-sur-loire,4,18730
pierrefeu-du-var,4,6149
pontarlier,4,18033
dole,4,24606
soissons,4,29176
albertville,4,19453
orvault,4,27082
digne-les-bains,4,17329
bernay,4,10443
sarcelles,4,58849
clichy,4,61379
mont-de-marsan,4,30994
montigny-le-bretonneux,4,33396
aix-les-bains,4,30373
istres,4,43817
cavaillon,4,27075
gif-sur-yvette,4,21994
le puy-en-velay,4,19944
maussane-les-alpilles,4,2337
maubeuge,4,30258
carqueiranne,4,9868
saumur,4,27701
montauban,4,62290
rodez,4,25905
laon,4,25549
niort,4,60506
nanterre,4,95739
saint-chamond,4,35524
cavalaire-sur-mer,4,7469
carpentras,4,29144
denain,4,19921
aubervilliers,4,86597
roye,4,1582
roye,4,5848
saint-amand-les-eaux,4,16041
oloron-sainte-marie,4,11305
champagnole,4,8346
laval,4,1021
laval,4,52284
le blanc,4,6611
roquebrune-sur-argens,4,14459
tarnos,4,12580
cours,4,207
cours,4,4529
cours,4,567
carvin,4,17235
bourbon-lancy,3,5000
saint-brevin-les-pins,3,14104
bischoffsheim,3,3388
quimper,3,65480
valentigney,3,10889
tournefeuille,3,27529
rumilly,3,259
rumilly,3,15741
le soler,3,7822
montendre,3,3297
annemasse,3,36105
dorlisheim,3,2678
fouras,3,4082
les herbiers,3,16421
neuilly-plaisance,3,21268
cogolin,3,11992
gennevilliers,3,47169
marquise,3,5148
castelnau-le-lez,3,20810
villeneuve-en-retz,3,4982
revel,3,9893
revel,3,1354
cognac,3,19275
avallon,3,6791
sens,3,26519
blois,3,47715
cuers,3,11557
saint-jean-de-braye,3,21349
bayonne,3,52398
sospel,3,3901
bletterans,3,1465
saint-gervais-les-bains,3,5702
chaumont,3,54
chaumont,3,23172
chaumont,3,178
chaumont,3,506
chaumont,3,666
parentis-en-born,3,6442
halluin,3,20927
ussel,3,488
ussel,3,10124
ussel,3,97
verdun,3,230
verdun,3,18449
grigny,3,297
grigny,3,9734
grigny,3,28862
menton,3,29461
carling,3,3488
issoire,3,15226
la tour-du-pin,3,8286
berck,3,14519
carentan-les-marais,3,10306
argenteuil,3,110839
marseillan,3,93
marseillan,3,7888
marseillan,3,259
tinqueux,3,10169
marmande,3,18280
pont-saint-esprit,3,10519
limoux,3,10614
nemours,3,13215
les pavillons-sous-bois,3,24060
lescar,3,10225
vierzon,3,26441
change,3,230
bastia,3,46434
monteux,3,13131
gauchy,3,5360
barjols,3,3020
barbezieux-saint-hilaire,3,4895
craponne,3,11253
wattrelos,3,41118
vernaison,3,5052
blain,3,9963
antony,3,63319
noyon,3,13831
elne,3,9049
ploufragan,3,11898
fresnay-sur-sarthe,3,3015
lunel,3,26499
moutiers,3,255
moutiers,3,945
moutiers,3,1587
morcenx-la-nouvelle,3,5230
marignane,3,33162
gaillac,3,15621
toul,3,16113
paimpol,3,7508
narbonne,3,55876
lillers,3,10014
canet-en-roussillon,3,12376
melle,3,6540
orthez,3,11106
capbreton,3,9058
saint-herblain,3,46998
abbeville,3,23358
bourg-en-bresse,3,43306
belfort,3,48423
le loroux-bottereau,3,8360
sarrebourg,3,12351
seyssel,3,1017
seyssel,3,2399
fontaine,3,264
fontaine,3,22790
fontaine,3,617
algrange,3,6200
la plaine-des-palmistes,3,6659
bully-les-mines,3,12234
saint-claude,3,9577
saint-claude,3,10623
langres,3,8146
dax,3,21512
montreuil,3,513
montreuil,3,2144
montreuil,3,823
montreuil,3,110474
cotignac,3,2203
woippy,3,14353
saint-martin-la-plaine,3,3829
barentin,3,12034
valence,3,201
valence,3,65028
valence,3,5377
hennebont,3,16041
carcassonne,3,47365
saint-romain-de-jalionas,3,3329
epagny metz-tessy,3,8013
rive-de-gier,3,15299
le lamentin,3,40471
la tessoualle,3,3269
dourges,3,5931
meaux,3,55461
bollwiller,3,4082
chasseneuil-sur-bonnieure,3,3315
creutzwald,3,13330
luxeuil-les-bains,3,7008
toulouges,3,7000
saint-flour,3,6947
saint-flour,3,288
gujan-mestras,3,21602
erdre-en-anjou,3,5829
brives-charensac,3,4320
saint-sever,3,5053
bressuire,3,20533
civray,3,934
civray,3,2788
hilsenheim,3,2661
charlieu,3,3772
schiltigheim,3,32070
guer,3,6477
aurillac,3,26828
les abymes,3,54049
la teste-de-buch,3,26438
les andelys,3,8199
val-de-reuil,3,13327
villefranche-de-lauragais,3,4580
saint-maximin-la-sainte-baume,3,16888
vitry-sur-seine,3,94059
lure,3,8409
saint-malo,3,47362
chabeuil,3,7053
vichy,3,24523
la chapelle-thouarault,2,2203
montauban-de-bretagne,2,6082
tergnier,2,13642
moirans,2,8014
douchy-les-mines,2,10598
harfleur,2,8514
chaville,2,20845
vaulx-en-velin,2,49928
meulan-en-yvelines,2,9065
la ville-aux-dames,2,5562
saint-pierre-en-faucigny,2,6704
tosse,2,3001
pierrelatte,2,13752
audincourt,2,13569
falaise,2,339
falaise,2,8491
mouans-sartoux,2,10019
cappelle-la-grande,2,7973
vincennes,2,50267
saint-yrieix-la-perche,2,7199
ardentes,2,3945
modane,2,3235
les touches,2,2505
bessancourt,2,7373
louhans,2,6569
faulquemont,2,5394
villemoisson-sur-orge,2,7084
riom,2,19999
saint-priest,2,1250
saint-priest,2,166
saint-priest,2,46497
jaunay-marigny,2,7766
aubergenville,2,11881
noisy-le-sec,2,44274
courville-sur-eure,2,2911
perriers-sur-andelle,2,1828
meyzieu,2,33725
noisy-le-grand,2,68515
le porge,2,3232
chilly,2,148
chilly,2,1403
chilly,2,188
beaumont-de-lomagne,2,3933
fos-sur-mer,2,15654
longjumeau,2,21390
peaugres,2,2196
combloux,2,2219
mormant,2,4856
rue,2,3204
mios,2,10078
givors,2,20089
saint-avold,2,15860
montdidier,2,80
montdidier,2,6359
malemort,2,8151
colombes,2,85775
biot,2,10084
montlieu-la-garde,2,1274
muret,2,25488
bourg-achard,2,3996
auchel,2,10344
bouguenais,2,19609
vidauban,2,12011
nanteuil-le-haudouin,2,4334
yquelon,2,1133
maule,2,6075
capesterre-belle-eau,2,18417
chatou,2,30754
messery,2,2181
chevannes,2,164
chevannes,2,333
chevannes,2,2240
chevannes,2,1649
port-la-nouvelle,2,5636
scionzier,2,8794
le relecq-kerhuon,2,11705
le petit-quevilly,2,22260
pornic,2,15407
chazelles-sur-lyon,2,5454
saujon,2,7279
saint-jean-le-blanc,2,8924
aubusson,2,3551
aubusson,2,451
chevilly-larue,2,19578
wambrechies,2,11036
pertuis,2,20730
wassy,2,3031
anse,2,7332
villeneuve-tolosane,2,9838
aime-la-plagne,2,4554
angoulins,2,4039
ailly-sur-somme,2,2993
langeais,2,4718
saint-usage,2,78
saint-usage,2,1370
pulnoy,2,5021
le creusot,2,21935
druelle balsac,2,3234
cluny,2,5098
soustons,2,8068
aubagne,2,46621
saint-valery-en-caux,2,4167
plougonvelin,2,4273
cazilhac,2,1700
cazilhac,2,1557
blanquefort,2,59
blanquefort,2,16418
anneyron,2,4091
breteuil,2,4544
breteuil,2,4454
frignicourt,2,1914
la queue-en-brie,2,12061
troissereux,2,1265
soppe-le-bas,2,775
joinville-le-pont,2,19282
saint-dizier,2,24570
passy,2,66
passy,2,11319
passy,2,352
lombez,2,2170
commentry,2,6427
saint-bonnet-sur-gironde,2,839
laneuveville-devant-nancy,2,6651
nieppe,2,7559
le chambon-sur-lignon,2,2527
auberchicourt,2,4480
aulnat,2,4085
la boisse,2,3267
les trois-bassins,2,7234
magny-en-vexin,2,5715
lagnieu,2,7289
belleville,2,1458
sainte-foy-la-grande,2,2584
moliets-et-maa,2,1186
sainte-savine,2,11011
saint-cast-le-guildo,2,3392
luzarches,2,4620
mertzwiller,2,3395
saint-jory,2,5857
les auxons,2,2589
beaucourt,2,5070
lansargues,2,3155
yssingeaux,2,7667
tartas,2,3304
olivet,2,22474
olivet,2,427
orval,2,1858
valencin,2,2847
saint-geours-de-maremne,2,2721
vibraye,2,2609
sisteron,2,7697
palaiseau,2,35881
guilers,2,8136
saint-michel,2,3475
saint-michel,2,76
saint-michel,2,3266
saint-michel,2,324
saint-michel,2,269
saint-michel,2,49
saint-michel,2,123
saint-michel,2,298
saint-michel,2,258
cayeux-sur-mer,2,2509
guebwiller,2,11414
blendecques,2,5135
crosne,2,9289
bolbec,2,11553
saint-vallier,2,137
saint-vallier,2,4067
saint-vallier,2,8831
saint-vallier,2,99
niedernai,2,1292
pessac,2,64514
saint-max,2,10075
courtisols,2,2519
nouvion-sur-meuse,2,2286
rantigny,2,2528
villeneuve-la-guyard,2,3513
maretz,2,1473
champlitte,2,1673
saint-germain-laval,2,1665
saint-germain-laval,2,2863
biarritz,2,26108
saint-germain,2,727
saint-germain,2,2354
saint-germain,2,164
saint-germain,2,1369
saint-germain,2,953
nangis,2,8793
ramonville-saint-agne,2,14725
campbon,2,4067
montceau-les-mines,2,18789
saint-marcel-sur-aude,2,2033
saint-jean-en-royans,2,2935
saint-memmie,2,5589
capinghem,2,2524
chatte,2,2721
saint-nolff,2,3899
thiais,2,29247
digoin,2,8060
anor,2,3267
morangis,2,396
morangis,2,13802
la roche-sur-foron,2,11683
mouchard,2,1418
torigny-les-villes,2,4408
saulxures-sur-moselotte,2,2674
vacqueyras,2,1338
montberon,2,2987
outreau,2,13596
mazamet,2,10463
divatte-sur-loire,2,6943
jussac,2,2091
thiers,2,12169
prayssac,2,2471
fleury-sur-andelle,2,1864
mauguio,2,17099
ville,2,778
le moule,2,22389
longuyon,2,5381
coulommiers,2,15076
matignon,2,1685
la motte-servolex,2,12390
noves,2,5966
baie-mahault,2,31404
eu,2,7076
dreux,2,31605
haguenau,2,35050
bogny-sur-meuse,2,5174
maubourguet,2,2408
mont-bernanchon,2,1381
voiron,2,20603
saint-just-saint-rambert,2,15353
feignies,2,6978
ornans,2,4517
feurs,2,8364
balaruc-les-bains,2,6858
gournay-en-bray,2,6169
vesoul,2,15728
mougins,2,19865
la souterraine,2,5448
fuveau,2,10338
gimont,2,3082
angles,2,68
angles,2,2852
vitrolles,2,212
vitrolles,2,33650
guerlesquin,2,1370
gigean,2,6506
caudry,2,14739
visan,2,2040
fonsorbes,2,12015
spycker,2,1834
les monts d'aunay,2,4734
saint-ambroix,2,373
saint-ambroix,2,3201
sainte-suzanne,2,241
sainte-suzanne,2,1551
sainte-suzanne,2,23704
arbois,2,3544
dinard,2,10572
ruoms,2,2281
labatut,2,177
labatut,2,1453
labatut,2,177
lesneven,2,7539
saint-chamas,2,8699
montargis,2,15212
crozon,2,7697
le plessis-bouchard,2,8477
ballancourt-sur-essonne,2,7696
iffendic,2,4561
la possession,2,33374
aigues-mortes,2,8401
pont-audemer,2,10475
croissy-sur-seine,2,10101
montmoreau,2,2677
montauroux,2,6539
pouilly-sous-charlieu,2,2516
le lardin-saint-lazare,2,1791
habas,2,1529
sainte-maxime,2,14183
pamiers,2,16145
gournay-sur-marne,2,6933
trets,2,10775
moulins,2,77
moulins,2,20227
moulins,2,740
saint-nicolas,2,4788
fressenneville,2,2250
givet,2,6908
boucau,2,8499
mende,2,12967
usson-en-forez,2,1507
castelnaudary,2,12136
vence,2,18769
lombron,2,1932
lambesc,2,9919
thouars,2,14341
ressons-sur-matz,2,1710
bellerive-sur-allier,2,8763
venelles,2,8568
pleubian,2,2364
gagny,2,39535
saint-saulve,2,11353
mouchamps,2,2930
bosroumois,2,3655
saint-renan,2,8299
le rheu,2,9027
burbure,2,2895
bons-en-chablais,2,5736
gisors,2,11704
villard-de-lans,2,4434
sevran,2,51201
mulsanne,2,5301
vrigne aux bois,2,3701
villers-bocage,2,3143
villers-bocage,2,1476
libourne,2,25400
le trait,2,4987
challans,2,21318
frizon,2,522
sucy-en-brie,2,26709
plaisir,2,31808
mer,2,6346
chambly,2,10305
gruissan,2,5063
auxerre,2,35916
villeneuve-loubet,2,15425
savigny-sur-orge,2,36817
corbeil-essonnes,2,51572
moissac,2,13378
apt,2,11662
tassin-la-demi-lune,2,22691
tourcoing,2,98028
bauvin,2,5223
prahecq,2,2217
mesnils-sur-iton,2,6374
thonon-les-bains,2,35863
anzin,2,13400
la fare-les-oliviers,2,8574
raismes,2,12662
cabannes,2,4500
chagny,2,190
chagny,2,5616
septeuil,2,2372
nogent-sur-seine,2,6097
polliat,2,2572
loon-plage,2,6269
la grave,2,492
rabastens,2,5764
chauffailles,2,3777
charolles,2,3220
oignies,2,9817
la sentinelle,2,3152
vexin-sur-epte,2,6202
saint-ouen,2,3283
saint-ouen,2,1918
meslay-du-maine,2,2945
douvrin,2,5449
cosnes-et-romain,2,2745
saint-brieuc,2,46006
val-cenis,2,2126
pont-saint-vincent,2,1946
tremblay-en-france,2,36345
munchhouse,2,1544
ollioules,2,13972
montigny-en-gohelle,2,10258
montrouge,2,50481
saint-sauveur-le-vicomte,2,2173
bonifacio,2,3173
saint-denis-en-val,2,7694
le grand-quevilly,2,25945
nogent-le-roi,2,4151
elven,2,6137
souchez,2,2531
rivesaltes,2,8773
petit-couronne,2,8809
waziers,2,7519
seissan,2,1102
bonneville,2,13010
bonneville,2,338
beaumont,2,247
beaumont,2,121
beaumont,2,142
beaumont,2,298
beaumont,2,72
beaumont,2,11023
beaumont,2,2905
beaumont,2,642
saint-marcellin,2,8102
saint-jean-pied-de-port,2,1850
pouilley-les-vignes,2,2004
auxonne,2,7708
saint-amant-tallende,2,1780
gasny,2,3139
romorantin-lanthenay,2,18246
connaux,2,1708
nouvion,2,1342
bon-encontre,2,6346
conches-en-ouche,2,5095
hautmont,2,14675
fontenay-sous-bois,2,53418
wingles,2,8830
bart,2,2033
bray-dunes,2,4527
trignac,2,7947
lapalisse,2,3201
elbeuf,2,16308
guilherand-granges,2,11204
bernos-beaulac,2,1127
duclair,2,4245
castelculier,2,2427
sierck-les-bains,2,1769
flayosc,2,4396
nyons,2,6980
saint-martin-de-crau,2,13656
saint-gilles,2,13711
saint-gilles,2,5066
saint-gilles,2,111
saint-gilles,2,958
saint-gilles,2,297
saint-gilles,2,280
ouveillan,2,2513
bavans,2,3700
hazebrouck,2,21999
bouc-bel-air,2,14946
oissel,2,11981
pointe-à-pitre,2,16048
saint-zacharie,2,5682
sours,2,2121
plouguerneau,2,6735
monistrol-sur-loire,2,9138
le quesnoy,2,5065
isigny-sur-mer,2,3684
suresnes,2,48736
crulai,2,873
pernes-les-fontaines,2,9883
savenay,2,8856
lamorlaye,2,9117
sarras,2,2234
saint-cyprien,2,390
saint-cyprien,2,1595
saint-cyprien,2,2515
saint-cyprien,2,10677
ham,2,4708
privas,2,8606
warloy-baillon,2,764
argenton-sur-creuse,2,5140
saint-jean-de-monts,2,8843
tigy,2,2363
chilly-mazarin,2,20320
borgo,2,8900
serre-les-sapins,2,1667
bouzonville,2,4027
orsay,2,16753
obernai,2,11738
figeac,2,10473
nogent-sur-oise,2,20395
haspres,2,2762
le grau-du-roi,2,8595
breuil-le-sec,2,2686
cucuron,2,1799
puilboreau,2,6299
provin,2,4263
vennecy,2,1849
saint-julien,2,1497
saint-julien,2,2100
saint-julien,2,223
saint-julien,2,873
saint-julien,2,2450
saint-julien,2,112
marsas,2,1226
marsas,2,74
lannion,2,20852
munster,2,249
munster,2,4688
la riche,2,10543
bains-sur-oust,2,3609
carquefou,2,20238
cercy-la-tour,2,1772
salon-de-provence,2,46110
saint-galmier,2,5864
saint-laurent,2,1275
saint-laurent,2,512
saint-laurent,2,504
saint-laurent,2,704
saint-laurent,2,182
saint-laurent,2,529
saint-laurent,2,858
ploemeur,2,18536
fresnes,2,173
fresnes,2,1182
fresnes,2,66
fresnes,2,27905
freyming-merlebach,2,12960
bordes,2,2924
bordes,2,780
sainte-anne-sur-brivet,2,3019
villemomble,2,30152
saint-savin,2,3245
saint-savin,2,4156
saint-savin,2,380
saint-savin,2,862
bois-guillaume,2,14171
paray-le-monial,2,9639
royan,2,18949
villecresnes,2,10516
val d'erdre-auxence,2,4952
guyancourt,2,29065
marly,2,10342
marly,2,11977
breuillet,2,2975
breuillet,2,8513
riorges,2,11070
cenon,2,24975
eyrans,2,782
trans-en-provence,2,5983
tarascon,2,14953
coutances,2,9705
sorgues,2,18924
bezons,2,29508
moret-loing-et-orvanne,2,12552
carmaux,2,9659
foix,2,9863
dommartin,2,724
dommartin,2,174
dommartin,2,2674
dommartin,2,353
vervins,2,2660
le cannet,1,41864
autreville,1,827
autreville,1,188
argentan,1,14208
andres,1,1573
saint-romans,1,1819
giat,1,855
messigny-et-vantoux,1,1690
frouzins,1,9177
bresse vallons,1,2327
le lavandou,1,6047
fougerolles-du-plessis,1,1220
biscarrosse,1,14561
avesnes-le-comte,1,1932
corbelin,1,2282
saint-aignan,1,151
saint-aignan,1,216
saint-aignan,1,2924
saint-aignan,1,618
saint-aignan,1,252
saint-aignan,1,416
ballots,1,1312
arcangues,1,3240
quintin,1,3038
tournay,1,1229
buchelay,1,3154
grand-champ,1,5535
haute-amance,1,971
pluneret,1,5855
amancy,1,2719
vieux-charmont,1,2798
allaire,1,3979
stenay,1,2721
lons-le-saunier,1,18023
briouze,1,1605
exincourt,1,3272
mutzig,1,6061
florensac,1,5099
breuil-barret,1,647
ingwiller,1,4101
borne,1,51
borne,1,419
thury,1,283
thury,1,447
villieu-loyes-mollon,1,3717
vindecy,1,259
rumersheim-le-haut,1,1105
saix,1,295
saint-clar,1,1082
cambo-les-bains,1,6660
givrand,1,2228
sannois,1,27020
arcis-sur-aube,1,2950
saint-martin-lez-tatinghem,1,6042
pleslin-trigavou,1,3701
bains,1,1393
camps-la-source,1,1944
saint-jean-le-vieux,1,1802
saint-jean-le-vieux,1,296
saint-jean-le-vieux,1,866
criel-sur-mer,1,2734
villefranche-de-panat,1,730
magescq,1,2208
soliers,1,2095
saint-alban-leysse,1,6213
dammarie,1,1535
marans,1,4561
vagney,1,4035
muides-sur-loire,1,1295
villeneuve-sur-bellot,1,1142
saint-laurent-de-chamousset,1,1940
chabreloche,1,1239
les belleville,1,3611
allonne,1,1601
allonne,1,683
thorigny-sur-marne,1,10266
emmerin,1,3195
la turballe,1,4523
lanester,1,23219
saint-thurien,1,1046
bessan,1,5141
thiberville,1,1815
ry,1,720
luri,1,844
champsecret,1,914
chorges,1,3053
perrignier,1,1882
plaudren,1,1979
altkirch,1,5870
saint-amand-en-puisaye,1,1284
saint-rambert-en-bugey,1,2302
faches-thumesnil,1,17955
arcachon,1,11528
warluis,1,1189
moustoir-ac,1,1844
hudimesnil,1,916
vendeuvre-sur-barse,1,2355
arsac-en-velay,1,1237
ax-les-thermes,1,1332
saint-calais,1,3431
falleron,1,1613
anlezy,1,251
varennes-sur-allier,1,3633
goussainville,1,1310
goussainville,1,30787
inchy-en-artois,1,633
jayat,1,1194
valleiry,1,4757
calan,1,1229
rodilhan,1,3075
beaufay,1,1506
aulnoye-aymeries,1,9049
docelles,1,897
gourbeyre,1,7979
batz-sur-mer,1,2981
baulay,1,303
saint-fons,1,18859
neufchef,1,2633
meyenheim,1,1489
thann,1,7921
gironcourt-sur-vraine,1,945
vaires-sur-marne,1,13467
saint-pierre-de-belleville,1,175
la cambe,1,571
saultain,1,2414
le neubourg,1,4375
rabastens-de-bigorre,1,1479
saint-julien-de-cassagnas,1,713
le montsaugeonnais,1,1291
champs-sur-tarentaine-marchal,1,1092
ayguetinte,1,164
marzan,1,2334
lantriac,1,1982
tercis-les-bains,1,1241
tence,1,3143
le beausset,1,9907
chasselay,1,414
chasselay,1,2849
jort,1,300
sautron,1,8350
osny,1,17135
pantin,1,57668
thurins,1,3112
nersac,1,2469
saint-hostien,1,773
rancon,1,505
fleury,1,141
fleury,1,3888
fleury,1,1059
fleury,1,1250
fleury,1,563
fleury,1,123
fleury,1,226
port,1,869
saint-privat-la-montagne,1,1857
rouans,1,2993
villamblard,1,905
neuilly-en-thelle,1,3697
hasparren,1,7152
doullens,1,6412
barfleur,1,580
barcelonne-du-gers,1,1410
arnay-le-duc,1,1464
apinac,1,424
plaissan,1,1212
confolens,1,2825
plouharnel,1,2208
saint-privat-des-vieux,1,5309
villepinte,1,1327
villepinte,1,36934
cancale,1,5211
lemud,1,504
villemeux-sur-eure,1,1668
sombernon,1,938
semur-en-auxois,1,4492
longueville,1,288
longueville,1,373
longueville,1,619
longueville,1,140
longueville,1,1821
hombourg-haut,1,6499
limont-fontaine,1,569
mignaloux-beauvoir,1,4751
mailly-raineval,1,305
billom,1,4825
aubigny-les clouzeaux,1,6671
arcey,1,54
arcey,1,1489
phalempin,1,4769
levet,1,1426
hamelincourt,1,260
le pradet,1,10415
richwiller,1,3750
zuydcoote,1,1736
blausasc,1,1602
lezoux,1,6225
vallauris,1,26834
muizon,1,2225
salvagnac,1,1192
petit-mars,1,3653
sainte-luce,1,43
sainte-luce,1,10037
giron,1,187
marines,1,3543
plateau d'hauteville,1,5031
lanmeur,1,2290
luttange,1,900
triaize,1,1025
plumergat,1,4205
massiac,1,1818
montereau-fault-yonne,1,20400
salbris,1,5268
nizas,1,158
nizas,1,685
seiches-sur-le-loir,1,3020
azincourt,1,311
sergy,1,2124
sergy,1,154
ansouis,1,1070
neuville-en-ferrain,1,10350
la ronde,1,1082
prugnanes,1,104
baisieux,1,4813
peyrieu,1,888
riotord,1,1191
chailland,1,1205
pujols,1,544
pujols,1,3770
bressols,1,3801
cheveuges,1,437
sainte-marie-aux-mines,1,5220
provins,1,12125
bournoncle-saint-pierre,1,1013
mauriac,1,3844
mauriac,1,249
boulange,1,2519
manziat,1,2012
couches,1,1381
saint-jean-de-nay,1,360
ibos,1,3032
croix-moligneaux,1,283
arques,1,257
arques,1,137
arques,1,9882
faleyras,1,430
salles-sur-mer,1,2211
val-de-dagne,1,750
origny-le-sec,1,617
crachier,1,523
norrent-fontes,1,1421
plourivo,1,2329
domgermain,1,1198
langrolay-sur-rance,1,949
samadet,1,1174
le grand-village-plage,1,1065
thourotte,1,4632
bormes-les-mimosas,1,8218
ingrandes,1,322
ingrandes,1,1787
saint-mandrier-sur-mer,1,5931
panazol,1,11180
vacheresse,1,872
ducos,1,17657
lassay-sur-croisne,1,258
valdahon,1,5692
burey,1,405
saint-broladre,1,1154
triel-sur-seine,1,12108
yvignac-la-tour,1,1185
nesle,1,2369
le gosier,1,27096
seichamps,1,5013
sains-en-gohelle,1,6183
villegenon,1,225
la tour-en-maurienne,1,1104
orbigny,1,747
meschers-sur-gironde,1,3174
arnaud-guilhem,1,234
fontainebleau,1,15323
airaines,1,2410
lacanche,1,571
pomerol,1,620
ratenelle,1,395
moncontour,1,876
moncontour,1,1006
bennecourt,1,1919
montfermeil,1,26889
grignols,1,682
grignols,1,1215
val-revermont,1,2654
soucieu-en-jarrest,1,4598
liancourt,1,6941
vendargues,1,6315
bailly-romainvilliers,1,7582
beuvrigny,1,138
chantenay-saint-imbert,1,1192
escragnolles,1,614
auby,1,7315
crouy,1,2952
malansac,1,2245
notre-dame-de-bondeville,1,7119
blanzy,1,6286
basse-pointe,1,3071
souppes-sur-loing,1,5498
marolles,1,790
marolles,1,743
marolles,1,912
marolles,1,694
montmeyran,1,3011
damprichard,1,1942
grez-sur-loing,1,1451
buxy,1,2221
gouzon,1,1600
tour-en-sologne,1,1133
brionne,1,4430
vauvert,1,11742
damvix,1,763
arleux,1,3244
saint-beauzire,1,420
saint-beauzire,1,2211
crisolles,1,955
pardies,1,871
mareuil-le-port,1,1184
landouzy-la-cour,1,187
divonne-les-bains,1,9878
vaiges,1,1180
maroilles,1,1426
noues de sienne,1,4523
belle-isle-en-terre,1,1050
lailly-en-val,1,3157
nouan-le-fuzelier,1,2367
monchy-au-bois,1,576
ouville,1,460
wadelincourt,1,478
flumet,1,839
luriecq,1,1328
charron,1,2012
charron,1,242
saint-loup-du-dorat,1,366
sathonay-camp,1,5993
bourcefranc-le-chapus,1,3573
geishouse,1,451
la chapelle-sur-erdre,1,20044
issus,1,605
oucques la nouvelle,1,1751
val d'oust,1,2780
montoir-de-bretagne,1,7166
biguglia,1,8050
vrigny,1,847
vrigny,1,232
roquefort,1,301
roquefort,1,1941
roquefort,1,1921
leers,1,9552
friville-escarbotin,1,4672
marcoussis,1,8300
joyeuse,1,1750
pierres,1,2839
pers-jussy,1,3142
saint-aubin-des-ormeaux,1,1351
miremont,1,2526
miremont,1,307
varennes-sur-seine,1,3532
annouville-vilmesnil,1,484
froncles,1,1545
meisenthal,1,716
teting-sur-nied,1,1340
coulaines,1,7548
saint-mamert-du-gard,1,1655
celles-sur-plaine,1,837
viriville,1,1652
mouzillon,1,2882
mittelschaeffolsheim,1,584
doucier,1,328
neufgrange,1,1420
launac,1,1416
drouges,1,533
la neuville-à-maire,1,127
baume-les-dames,1,5226
dannemarie,1,113
dannemarie,1,2284
dannemarie,1,199
fitou,1,1072
pont-de-veyle,1,1690
yffiniac,1,5117
piolenc,1,5357
pinet,1,1782
gray,1,5916
sainte-magnance,1,484
portiragnes,1,3194
hombourg-budange,1,566
charvieu-chavagneux,1,9740
les houches,1,3020
jonchery-sur-vesle,1,1910
morsbronn-les-bains,1,701
caumont-sur-durance,1,4984
ploumilliau,1,2534
saint-sauveur-des-landes,1,1537
saint-savinien,1,2539
le cheylas,1,2608
potigny,1,2092
toulon-sur-arroux,1,1624
andeville,1,3272
giverville,1,405
bignan,1,2852
noyers-pont-maugis,1,698
la clusaz,1,1789
guipry-messac,1,7110
auxon,1,1015
auxon,1,438
vaucouleurs,1,1966
chavagne,1,4093
athis-val de rouvre,1,4343
tomblaine,1,9164
sisco,1,1178
castillon-la-bataille,1,3202
montbonnot-saint-martin,1,5692
puyloubier,1,1895
mercey-le-grand,1,558
ugine,1,7332
bordeaux-saint-clair,1,680
le croisic,1,4147
saint-lumine-de-clisson,1,2148
cany-barville,1,3105
sainte-pazanne,1,6901
marcoing,1,1913
saint-georges-sur-eure,1,2870
le pouliguen,1,4376
andancette,1,1375
losne,1,1642
fourchambault,1,4287
loudun,1,7091
achicourt,1,7903
chavanod,1,2810
veauche,1,9088
gauciel,1,868
donnery,1,2893
neuvecelle,1,3140
baralle,1,491
raimbeaucourt,1,4058
beaumes-de-venise,1,2436
cheffes,1,986
artenay,1,1917
breteil,1,3660
roujan,1,2186
sarceaux,1,1084
nestier,1,158
saint-molf,1,2679
marin,1,1840
le merzer,1,986
lisle-sur-tarn,1,4778
soullans,1,4312
saint-aubin,1,296
saint-aubin,1,596
saint-aubin,1,231
saint-aubin,1,184
saint-aubin,1,1843
saint-aubin,1,516
saint-aubin,1,424
saint-aubin,1,371
saint-aubin,1,270
saint-aubin,1,724
onesse-laharie,1,1028
terranjou,1,4050
airvault,1,3328
arzens,1,1256
illfurth,1,2513
saint-folquin,1,2287
gouex,1,499
aulnay-sur-marne,1,265
saugues,1,1863
saint-gervais-en-belin,1,2120
sarreguemines,1,21232
plouarzel,1,3785
bazet,1,1763
roche,1,2136
roche,1,258
cergy,1,65647
saint-baldoph,1,2902
delme,1,1133
rupt-sur-moselle,1,3592
saint-trojan-les-bains,1,1285
pont-de-vaux,1,2303
servon-sur-vilaine,1,3761
amfreville-la-mi-voie,1,3302
aoste,1,2932
saint-mihiel,1,4187
notre-dame-de-commiers,1,524
combourg,1,6075
grasse,1,51342
saint-dionisy,1,1052
rosselange,1,2711
garrigues,1,181
garrigues,1,265
montbozon,1,656
villejuif,1,55047
bray-sur-seine,1,2261
saint-jean-de-maurienne,1,8146
annezin,1,5944
champs-sur-marne,1,25195
lans-en-vercors,1,2776
lacanau,1,4985
la hague,1,11998
jonchery,1,1049
beaumont-sur-sarthe,1,1986
robert-espagne,1,847
champdeuil,1,734
montchal,1,502
troisvilles,1,850
perthes,1,317
perthes,1,530
perthes,1,2019
quilly,1,82
quilly,1,1391
amou,1,1562
piriac-sur-mer,1,2296
formerie,1,2160
reuilly,1,537
reuilly,1,2064
la motte,1,2166
la motte,1,2896
gabarret,1,1541
wignehies,1,2934
knutange,1,3261
villerupt,1,9843
cazes-mondenard,1,1206
montrieux-en-sologne,1,665
saint-julien-de-civry,1,501
saint-denis-en-bugey,1,2336
cestas,1,17181
chamberet,1,1385
orainville,1,516
chamaret,1,557
soucy,1,98
soucy,1,1634
ruffec,1,3571
ruffec,1,597
bonnut,1,787
sornac,1,774
oermingen,1,1265
condat-sur-vienne,1,5229
sauveterre-de-comminges,1,642
barlin,1,7704
saint-branchs,1,2638
leudeville,1,1488
paillet,1,1238
goderville,1,2891
locoal-mendon,1,3481
gallardon,1,3727
orignolles,1,683
larmor-baden,1,906
les loges,1,134
les loges,1,143
les loges,1,1179
moussoulens,1,1048
saint-avit,1,201
saint-avit,1,314
saint-avit,1,693
saint-avit,1,172
saint-avit,1,239
saint-avit,1,268
tallende,1,1563
magalas,1,3400
hallennes-lez-haubourdin,1,4471
laval-pradel,1,1184
thiron-gardais,1,1006
la norville,1,4139
itteville,1,6646
montayral,1,2746
pontcharra,1,7514
frasnoy,1,382
fournels,1,375
pontivy,1,15544
esquerdes,1,1649
voisins-le-bretonneux,1,11426
rochechouart,1,3827
mercatel,1,704
macau,1,4249
dives-sur-mer,1,5732
la francheville,1,1730
azay-le-rideau,1,3589
saint-bonnet-de-mure,1,6879
cousances-les-forges,1,1720
valgelon-la rochette,1,4215
publier,1,7356
sassenage,1,11577
boulogne-billancourt,1,121249
la haye,1,4124
la haye,1,382
la haye,1,115
saint-nicolas-de-redon,1,3247
euville,1,1692
saint-mards-en-othe,1,650
apprieu,1,3401
sainte-marie,1,84
sainte-marie,1,109
sainte-marie,1,700
sainte-marie,1,437
sainte-marie,1,2313
sainte-marie,1,84
sainte-marie,1,65
sainte-marie,1,16082
sainte-marie,1,34230
valras-plage,1,4265
saint-pierre-du-regard,1,1441
barbaira,1,769
leffrinckoucke,1,4358
poisy,1,8481
sainte-croix-en-plaine,1,3043
robion,1,4603
senan,1,724
verneuil-en-halatte,1,4747
lagny-sur-marne,1,21601
nancray,1,1289
corneilhan,1,1747
moyaux,1,1392
lion-sur-mer,1,2500
peyrehorade,1,3870
chauny,1,12317
curchy,1,307
gignac,1,6303
gignac,1,679
gignac,1,72
rountzenheim-auenheim,1,1966
francescas,1,758
saint-just,1,950
saint-just,1,647
saint-just,1,138
saint-just,1,3298
saint-just,1,1091
saint-just,1,158
volmunster,1,814
champignelles,1,1036
brie-comte-robert,1,18133
aigues-vives,1,679
aigues-vives,1,591
aigues-vives,1,3385
aigues-vives,1,476
lusignan,1,2686
biache-saint-vaast,1,4115
coudekerque-branche,1,21428
pontavert,1,619
campagne,1,390
campagne,1,321
campagne,1,1026
campagne,1,165
smarves,1,2851
saint-maximin,1,764
saint-maximin,1,669
saint-maximin,1,3049
lamastre,1,2386
dompierre-sur-mer,1,5621
villaines-sous-bois,1,783
canet,1,1796
canet,1,3548
longny les villages,1,3059
sommepy-tahure,1,639
longmesnil,1,52
livry-gargan,1,44661
venarey-les-laumes,1,2921
caden,1,1669
villenauxe-la-grande,1,2752
meysse,1,1334
franvillers,1,520
cartignies,1,1263
santes,1,5778
val-de-scie,1,2579
coulombs,1,1371
roussillon,1,8586
roussillon,1,1336
janailhac,1,545
la chapelle-palluau,1,964
cachan,1,31542
choisy-en-brie,1,1367
morsang-sur-orge,1,21083
gries,1,2906
navarrenx,1,1065
les vans,1,2734
fougerolles-saint-valbert,1,3931
durmenach,1,857
ciboure,1,6430
ferques,1,1816
camors,1,3091
champagne-en-valromey,1,851
lavernose-lacasse,1,3127
saint-julien-de-concelles,1,7015
chelles,1,521
chelles,1,55195
elliant,1,3412
la chapelle-glain,1,820
prigonrieux,1,4235
lannilis,1,5706
brassac,1,642
brassac,1,1323
brassac,1,251
neuvic,1,1902
neuvic,1,3655
chabanais,1,1684
arques-la-bataille,1,2636
nontron,1,3160
villemur-sur-tarn,1,5993
monticello,1,1969
rethel,1,7895
senonches,1,3132
lourmarin,1,1099
le pont-de-beauvoisin,1,3771
le pont-de-beauvoisin,1,2106
la couture,1,2836
la couture,1,221
sampans,1,1177
andelnans,1,1221
cusset,1,13142
saint-christophe-du-ligneron,1,2596
noyelles-godault,1,6007
chevigny-saint-sauveur,1,11539
dargnies,1,1264
nieul-sur-mer,1,5903
doubs,1,3110
fenouillet,1,5219
fenouillet,1,90
yainville,1,1063
avesnes-les-aubert,1,3674
voreppe,1,9655
marvejols,1,4963
domart-en-ponthieu,1,1106
dombasle-sur-meurthe,1,9926
pamproux,1,1762
mareuil-sur-lay-dissais,1,2938
puget-sur-argens,1,8218
pomarez,1,1577
bluffy,1,403
morteau,1,7244
wattignies,1,14743
esternay,1,1902
saint-germain-du-puy,1,5199
poullan-sur-mer,1,1610
saint-gervasy,1,1926
moux-en-morvan,1,542
aramon,1,4311
coupvray,1,2892
saint-gervais,1,736
saint-gervais,1,1896
saint-gervais,1,558
saint-gervais,1,2706
saint-gervais,1,939
grenade,1,8946
leimbach,1,916
croisilles,1,653
croisilles,1,451
croisilles,1,211
croisilles,1,1955
sainte-jamme-sur-sarthe,1,2083
anglure,1,897
mayenne,1,13551
coubon,1,3331
baye,1,1183
baye,1,418
ambronay,1,2841
braine,1,2238
martres-tolosane,1,2425
colomars,1,3465
warhem,1,2075
boulon,1,687
poligny,1,303
poligny,1,66
poligny,1,4454
poligny,1,810
cavignac,1,2080
saint-martin-la-pallu,1,5642
courbevoie,1,82327
cherveux,1,1947
grainville-langannerie,1,708
pons,1,4431
meyssac,1,1328
la magdelaine-sur-tarn,1,1192
artix,1,144
artix,1,3488
sussargues,1,2806
saint-martin-en-bresse,1,1998
guise,1,4929
gamaches,1,2634
carbonne,1,5816
dourdan,1,10990
valprivas,1,520
vuillafans,1,770
grimaud,1,4601
voujeaucourt,1,3259
ydes,1,1729
stains,1,38823
saint-yzan-de-soudiac,1,2403
wizernes,1,3397
serquigny,1,2034
diou,1,1423
diou,1,261
correns,1,911
aureilhan,1,1092
aureilhan,1,7967
vic-fezensac,1,3558
sangatte,1,4946
saint-victor-en-marche,1,383
haillicourt,1,4923
lamarque,1,1321
saint-symphorien,1,135
saint-symphorien,1,489
saint-symphorien,1,1870
saint-symphorien,1,664
saint-symphorien,1,574
saint-symphorien,1,1975
vignacourt,1,2398
breilly,1,689
cheix-en-retz,1,1075
novillars,1,1542
bourg-de-visa,1,392
mieussy,1,2399
cazaubon,1,1663
saint-quentin-la-poterie,1,3117
mions,1,13661
perrecy-les-forges,1,1657
suippes,1,3960
pavilly,1,6364
ribeauville,1,63
lempdes,1,8832
courdemanche,1,609
courdemanche,1,618
caulnes,1,2640
augy,1,83
augy,1,1100
graveson,1,4944
le castellet,1,299
le castellet,1,3927
montsalvy,1,829
gouesnou,1,6246
gerzat,1,10453
rives de l'yon,1,4335
quarante,1,1793
pontoise,1,31434
renaison,1,3249
fontvieille,1,3682
vasselay,1,1474
saulieu,1,2518
vion,1,962
vion,1,1481
fontenay,1,89
fontenay,1,46
fontenay,1,1260
fontenay,1,489
machilly,1,1106
antagnac,1,234
obermorschwiller,1,422
leuville-sur-orge,1,4528
le haillan,1,11197
tavaux,1,4012
soisy-sous-montmorency,1,18341
toucy,1,2802
taradeau,1,1837
riquewihr,1,1096
sauzet,1,1897
sauzet,1,754
sauzet,1,520
le houlme,1,4079
la richardais,1,2375
mauron,1,3145
saint-salvy-de-la-balme,1,530
bazeilles,1,2612
monclar-de-quercy,1,2011
tende,1,2227
bouaye,1,7997
peyrelevade,1,861
phalsbourg,1,4986
villeneuve-en-perseigne,1,2238
athis-mons,1,34724
nivillac,1,4696
le portel,1,9343
beaurains,1,5729
rety,1,2112
nogent,1,3815
portets,1,2735
saron-sur-aube,1,310
saint-laurent-blangy,1,6670
verny,1,2040
villiers-saint-georges,1,1252
pont-sur-yonne,1,3395
courbouzon,1,604
courbouzon,1,445
saint-briac-sur-mer,1,2132
cierp-gaud,1,746
deneuvre,1,537
mamirolle,1,1793
essert-romand,1,519
fessenheim,1,2401
lucciana,1,5829
estevelles,1,2055
villespy,1,380
mouthe,1,1133
tavel,1,2014
pierreval,1,564
nogent-le-rotrou,1,10156
mouleydier,1,1150
padoux,1,521
vauvillers,1,675
vauvillers,1,251
guyans-vennes,1,854
savigny-en-revermont,1,1173
oletta,1,1709
sully-sur-loire,1,5439
benet,1,4086
ruelle-sur-touvre,1,7406
hochfelden,1,4025
andornay,1,208
saint-marcel,1,1304
saint-marcel,1,365
saint-marcel,1,4629
saint-marcel,1,1604
saint-marcel,1,154
saint-marcel,1,1121
saint-marcel,1,94
saint-marcel,1,6222
saint-marcel,1,615
castelsarrasin,1,14267
saint-fiel,1,1061
aurec-sur-loire,1,6194
albert,1,10102
vermenton,1,1316
auch,1,23067
barcelonne,1,359
jaujac,1,1250
louzy,1,1381
bourbriac,1,2321
margencel,1,2222
roquefort-les-pins,1,6942
cheny,1,2534
richerenches,1,701
beaurepaire,1,5003
beaurepaire,1,68
beaurepaire,1,510
beaurepaire,1,2449
le doulieu,1,1500
la saucelle,1,197
berd'huis,1,1142
bagneux,1,70
bagneux,1,331
bagneux,1,176
bagneux,1,456
bagneux,1,165
bagneux,1,41111
pringy,1,425
pringy,1,2943
castets et castillon,1,1470
maignelay-montigny,1,2731
burlats,1,2182
saint-sauveur-en-rue,1,1117
saint-jeoire,1,3397
marville,1,517
montcaret,1,1475
rely,1,456
eyjeaux,1,1349
sailly-lez-lannoy,1,1885
chaulnes,1,2113
vue,1,1664
ivry-la-bataille,1,2753
soubise,1,3027
taintrux,1,1585
lamarche,1,917
violaines,1,3697
auray,1,14016
riedisheim,1,12998
amilly,1,1889
amilly,1,13577
francheville,1,289
francheville,1,56
francheville,1,211
francheville,1,283
francheville,1,154
francheville,1,14464
mouy,1,5363
rosheim,1,5258
saint antoine l'abbaye,1,1185
charly-sur-marne,1,2659
le breuil-sur-couze,1,1139
sergeac,1,219
puyvert,1,831
liesle,1,547
roubaix,1,97492
eaubonne,1,25430
wiesviller,1,989
garches,1,18284
florimont,1,452
kilstett,1,2542
damigny,1,2633
saint-romain-le-puy,1,4058
urcuit,1,2554
quinssaines,1,1512
dampierre-les-bois,1,1662
palavas-les-flots,1,6020
amfreville,1,1419
le plessis-grammoire,1,2438
gretz-armainvilliers,1,8719
saint-martin-du-tertre,1,1612
saint-martin-du-tertre,1,2791
plougastel-daoulas,1,13698
baudrecourt,1,92
baudrecourt,1,187
marles-les-mines,1,5608
herrlisheim,1,4912
bubry,1,2411
cessenon-sur-orb,1,2325
le plessis-robinson,1,29249
nozay,1,153
nozay,1,4195
nozay,1,4715
vernou-sur-brenne,1,2748
dieuze,1,3137
maisons-alfort,1,55988
dun-le-palestel,1,1137
vicq,1,337
vicq,1,157
vicq,1,1508
vicq,1,401
castries,1,6280
toulenne,1,2668
mortain-bocage,1,3208
estissac,1,1874
taurignan-vieux,1,214
valensole,1,3263
tencin,1,2119
plabennec,1,8596
moissy-cramayel,1,17839
la montagne,1,6379
la montagne,1,37
houilles,1,32480
carnin,1,1026
crusnes,1,1591
bezouce,1,2331
villebernier,1,1524
cesseras,1,411
meudon,1,46009
remilly-sur-tille,1,892
isle,1,7842
prinquiau,1,3524
bretignolles-sur-mer,1,4750
heillecourt,1,5611
clamecy,1,230
clamecy,1,3920
la penne-sur-huveaune,1,6495
vinay,1,4324
vinay,1,594
saint-benin-des-bois,1,175
ballon-saint mars,1,2262
laussonne,1,1029
ventron,1,852
neuvy,1,1819
neuvy,1,323
neuvy,1,262
luzy,1,2026
hauteluce,1,777
pommeret,1,2109
malijai,1,2005
montlouis-sur-loire,1,10817
licques,1,1650
pouldergat,1,1236
labastidette,1,2596
villebret,1,1352
sommevoire,1,712
saint-usuge,1,1364
cers,1,2607
sauvagnon,1,3409
amblans-et-velotte,1,401
wintershouse,1,906
montreuil-bellay,1,4071
laives,1,1057
montaut,1,734
montaut,1,132
montaut,1,510
montaut,1,124
montaut,1,639
montaut,1,254
montaut,1,1156
lys-haut-layon,1,8066
treize-septiers,1,3290
sinceny,1,2082
grammond,1,927
pexiora,1,1244
calenzana,1,2372
roquebrune-cap-martin,1,12826
loison-sous-lens,1,5457
roncq,1,13501
condom,1,6735
hersin-coupigny,1,6287
faverges-seythenex,1,7856
vieux-berquin,1,2547
saint-lary-soulan,1,860
samer,1,4639
sauvigny-le-bois,1,733
lacropte,1,664
saint-georges-haute-ville,1,1465
vaulx-vraucourt,1,1027
merdrignac,1,3165
vosnon,1,235
izon,1,5875
cugnaux,1,18197
gannay-sur-loire,1,413
ambon,1,1863
saint-fulgent,1,3923
huisseau-sur-cosson,1,2338
saint-manvieu-norrey,1,2040
montmartin-sur-mer,1,1382
mars-sur-allier,1,310
la chaize-giraud,1,1082
la madeleine-de-nonancourt,1,1169
essoyes,1,724
le thuit de l'oison,1,3670
fresselines,1,511
yenne,1,3012
raves,1,475
clarac,1,641
clarac,1,185
thierville-sur-meuse,1,3215
saint-sulpice-de-royan,1,3264
nandy,1,6107
lezay,1,2026
feigneux,1,441
sainte-gemme-la-plaine,1,2257
menucourt,1,5824
sorbiers,1,37
sorbiers,1,8103
dachstein,1,1823
lalanne-trie,1,116
penmarch,1,5361
gonfaron,1,4380
coudoux,1,3816
la tronche,1,6737
colombey-les-belles,1,1480
bourgneuf,1,1298
bourgneuf,1,692
chepy,1,442
pezou,1,1138
sainte-anne,1,42
sainte-anne,1,118
sainte-anne,1,473
sainte-anne,1,23951
sainte-anne,1,4356
lourdes,1,13692
marguerittes,1,8744
valence-en-poitou,1,4591
barberaz,1,4843
prades,1,1244
prades,1,33
prades,1,66
prades,1,6465
prades,1,134
la chapelle-saint-fray,1,448
vicq-sur-breuilh,1,1349
spay,1,2938
artas,1,1847
mauzac,1,1304
seingbouse,1,1865
muille-villette,1,843
saignes,1,850
saignes,1,79
saint-jean-de-liversay,1,2932
camaret-sur-aigues,1,4655
aubeterre-sur-dronne,1,387
spechbach,1,1378
campagnac,1,456
campagnac,1,154
corte,1,7563
jouy-le-moutier,1,16157
villard-sallet,1,295
morbecque,1,2581
andernos-les-bains,1,11897
zudausques,1,960
guiche,1,1001
grosville,1,808
saint-uze,1,2068
sarre-union,1,2867
ciry-salsogne,1,939
aumetz,1,2350
chavanay,1,2935
molac,1,1597
hayange,1,15972
saint-germain-en-laye,1,46570
saint-gilles-croix-de-vie,1,7879
rougemontiers,1,1067
moosch,1,1700
saint-symphorien-de-marmagne,1,857
sancey,1,1359
eydoche,1,546
kirrwiller,1,545
douvaine,1,6019
langeac,1,3742
barcelonnette,1,2800
gargas,1,694
gargas,1,3087
gignac-la-nerthe,1,9409
gouzeaucourt,1,1539
vittel,1,5216
steenbecque,1,1720
sainte-anne-sur-vilaine,1,1032
loos,1,22488
villeparisis,1,26429
muespach,1,912
charleval,1,2736
charleval,1,1810
chabottes,1,848
sornay,1,343
sornay,1,2074
saint-nicolas-de-la-taille,1,1590
erstein,1,10754
pouilly-en-auxois,1,1601
ardelles,1,203
lanvollon,1,1808
coursan,1,6001
maisse,1,2751
rouillac,1,3026
rouillac,1,397
limonest,1,3765
berlaimont,1,3166
saint-martin-de-fontenay,1,2579
brignoles,1,17532
oullins,1,26565
clapiers,1,5579
tubersent,1,541
la salvetat-sur-agout,1,1162
val-d'arc,1,2041
mesmont,1,96
mesmont,1,249
saint-aulaire,1,802
esmery-hallon,1,804
mont-saint-martin,1,76
mont-saint-martin,1,83
mont-saint-martin,1,83
mont-saint-martin,1,8917
saint-berthevin,1,7585
la roche-vineuse,1,1598
maraussan,1,4496
durrenbach,1,1097
valsonne,1,964
buysscheure,1,592
callac,1,2247
creissan,1,1386
ria-sirach,1,1355
saint-pierre-du-mont,1,81
saint-pierre-du-mont,1,9924
saint-pierre-du-mont,1,194
ville-la-grand,1,8919
cadours,1,1104
torcy-le-petit,1,86
torcy-le-petit,1,493
le mont-saint-adrien,1,674
soorts-hossegor,1,3670
la baume-de-transit,1,897
bischwiller,1,12663
montfort-sur-meu,1,6823
allogny,1,1039
vallenay,1,753
saint-nabord,1,4297
simiane-collongue,1,5687
graulhet,1,12856
saintes,1,26813
le montat,1,1154
saint-martin-de-bavel,1,443
coulobres,1,364
valbonne,1,13850
cheffois,1,994
chaponost,1,8888
issoudun,1,12199
salindres,1,3535
ambillou,1,1815
couzeix,1,9426
bellegarde-en-forez,1,2040
sainte-radegonde,1,1820
sainte-radegonde,1,591
sainte-radegonde,1,63
sainte-radegonde,1,186
sainte-radegonde,1,466
sainte-radegonde,1,156
brens,1,1193
brens,1,2368
damparis,1,2774
la tranche-sur-mer,1,2969
caluire-et-cuire,1,43816
villelongue-de-la-salanque,1,3289
montblanc,1,2899
muzillac,1,5139
richebourg,1,279
richebourg,1,2678
richebourg,1,1477
bailleul,1,15039
bailleul,1,625
bailleul,1,269
caissargues,1,4105
plouay,1,5797
houppeville,1,2830
juvisy-sur-orge,1,16795
naucelles,1,2080
villenoy,1,4935
chamoux-sur-gelon,1,958
vignes,1,462
arnas,1,3856
revin,1,6379
grenay,1,1626
grenay,1,6972
buhl-lorraine,1,1245
coise,1,791
saint-genis-de-saintonge,1,1295
clary,1,1108
lumbres,1,3701
bellegarde,1,7210
bellegarde,1,190
bellegarde,1,1703
genilac,1,3971
jouarre,1,4379
wolfgantzen,1,1069
loudes,1,942
redessan,1,4172
la broque,1,2750
caillac,1,620
abzac,1,485
abzac,1,1963
frontignan,1,22946
montguyon,1,1599
les cluses,1,245
bermerain,1,734
catillon-fumechon,1,541
grandparigny,1,2770
romagne,1,476
romagne,1,979
la neuville-aux-larris,1,172
jouhet,1,534
bousbecque,1,4877
ifs,1,11962
burnhaupt-le-haut,1,1847
la fresnais,1,2594
stiring-wendel,1,11742
thyez,1,6346
domont,1,15718
pont-de-salars,1,1695
montsoult,1,3516
gondrin,1,1226
eppeville,1,1834
le cheylard,1,3108
sausheim,1,5622
vitry-en-artois,1,4726
huningue,1,7326
villiers-le-morhier,1,1367
thevet-saint-julien,1,397
jarnages,1,463
lay-saint-christophe,1,2509
lembras,1,1178
aizenay,1,9665
sainte-gauburge-sainte-colombe,1,1102
allassac,1,4006
amettes,1,476
saint-seurin-de-cursac,1,791
la courneuve,1,43203
le cayrol,1,263
lavaur,1,72
lavaur,1,11229
drusenheim,1,5196
rougemont,1,157
rougemont,1,1156
chenevelles,1,476
vindry-sur-turdine,1,5226
bracieux,1,1324
miramas,1,26827
mainvilliers,1,11462
aillevillers-et-lyaumont,1,1661
seur,1,496
la ricamarie,1,7955
beaulon,1,1675
saint-martin-sur-cojeul,1,214
le chambon-feugerolles,1,12408
saint-michel-de-rieufret,1,793
domancy,1,2186
doumy,1,312
le passage,1,835
le passage,1,9732
marckolsheim,1,4215
san-giuliano,1,732
rozay-en-brie,1,2862
montgru-saint-hilaire,1,33
mareuil-sur-arnon,1,542
soultz-haut-rhin,1,7204
montaigut-le-blanc,1,415
montaigut-le-blanc,1,878
fouesnant,1,9887
proville,1,3238
montricoux,1,1218
longeau-percey,1,762
montbard,1,5282
landrecies,1,3590
gueugnon,1,7196
talant,1,11924
saint-pierre-de-chandieu,1,4578
bas-en-basset,1,4432
selles,1,471
selles,1,406
selles,1,336
selles,1,211
avelin,1,2724
sallanches,1,16603
bretteville-sur-laize,1,1901
viry-noureuil,1,1743
redon,1,9810
irigny,1,8740
la gacilly,1,4055
montesson,1,15289
montaudin,1,923
picauville,1,3317
fontcouverte-la-toussuire,1,524
beauchamp,1,8775
martel,1,1647
pont-à-mousson,1,14446
is-sur-tille,1,4458
genay,1,384
genay,1,5574
saint-genis-laval,1,21695
arros-de-nay,1,805
sundhoffen,1,1995
chef-haut,1,48
rion-des-landes,1,3029
plescop,1,6022
montigny-sur-aube,1,268
vasles,1,1686
bapaume,1,4202
chilleurs-aux-bois,1,2025
mervans,1,1518
saint-bonnet-de-joux,1,778
parempuyre,1,8789
les ulis,1,25361
fleury-sur-orne,1,4985
wittelsheim,1,10517
froissy,1,899
benfeld,1,5849
igney,1,130
igney,1,1193
chaumontel,1,3316
meung-sur-loire,1,6533
la sauve,1,1553
vif,1,8656
avesnes-sur-helpe,1,4642
gouy-sous-bellonne,1,1387
sainte-marie-de-gosse,1,1209
bouin-plumoison,1,503
hon-hergies,1,868
boujan-sur-libron,1,3433
bresles,1,4191
rainneville,1,1004
saint-arnoult-en-yvelines,1,6139
chauvigny,1,7164
guerting,1,874
douarnenez,1,14265
chanu,1,1274
la chapelle-sous-orbais,1,56
galgon,1,3065
vireux-wallerand,1,2019
saint-michel-de-maurienne,1,2731
donnemarie-dontilly,1,2880
vieille-brioude,1,1233
valognes,1,7070
pornichet,1,10962
simorre,1,727
pibrac,1,8712
vayres-sur-essonne,1,996
thaon,1,1602
toufflers,1,3924
peyssies,1,576
limay,1,16932
ouistreham,1,9229
rouy,1,621
jarnac,1,4536
villiers-le-sec,1,722
villiers-le-sec,1,49
villiers-le-sec,1,188
mirebeau,1,2251
mozac,1,3942
montgesoye,1,474
dagneux,1,4772
aspach-le-bas,1,1349
le bernard,1,1233
dun-sur-auron,1,3921
torpes,1,1036
torpes,1,376
sillans,1,1955
port-sainte-foy-et-ponchapt,1,2544
flize,1,1775
illkirch-graffenstaden,1,27446
jarville-la-malgrange,1,9523
plouhinec,1,4093
plouhinec,1,5479
bartenheim,1,3889
ronchin,1,19349
amanvillers,1,2184
longchamp,1,1289
longchamp,1,71
longchamp,1,467
villerville,1,641
vallet,1,9185
gerstheim,1,3472
la haye-pesnel,1,1356
praz-sur-arly,1,1264
yutz,1,16791
bauzy,1,282
fameck,1,14056
mimet,1,4560
linselles,1,8469
bootzheim,1,734
jumilhac-le-grand,1,1289
sault,1,1404
saint-denis-des-monts,1,213
felletin,1,1806
saint-hilaire-du-rosier,1,1916
canly,1,801
alixan,1,2584
fontcouverte,1,556
fontcouverte,1,2409
bois-le-roi,1,1203
bois-le-roi,1,6025
rang,1,423
ouillon,1,565
narcy,1,252
narcy,1,517
saint-jeannet,1,55
saint-jeannet,1,4234
saint-jorioz,1,5927
taverny,1,26630
saint-vincent,1,200
saint-vincent,1,1032
saint-vincent,1,421
saint-vincent,1,408
yzernay,1,1871
bellevigne,1,1354
verneuil-sur-seine,1,15982
dol-de-bretagne,1,5958
jeumont,1,10285
malakoff,1,30932
venizel,1,1395
lambersart,1,28051
gond-pontouvre,1,6124
saint-sulpice-les-champs,1,361
saint-priest-sous-aixe,1,1766
domblain,1,82
mennecy,1,14651
cassis,1,7250
vautorte,1,604
montbazin,1,3012
rognac,1,12330
ozillac,1,640
saclas,1,1830
bricon,1,463
roiffieux,1,2870
sain-bel,1,2340
neuilly-saint-front,1,2112
tourrettes,1,2935
alba-la-romaine,1,1479
verdilly,1,477
merlines,1,738
aniche,1,10348
clohars-fouesnant,1,2106
baugy,1,1750
baugy,1,246
baugy,1,520
talencieux,1,1098
ventiseri,1,2527
diebling,1,1682
lamotte-beuvron,1,4788
la chapelle-launay,1,3094
illiers-combray,1,3385
tessy-bocage,1,2407
saint-germain-laprade,1,3716
saint-pierre-la-noaille,1,391
celles-sur-durolle,1,1761
taninges,1,3517
grans,1,5200
lillebonne,1,9046
gilley,1,1693
gilley,1,70
marigny-chemereau,1,613
champignol-lez-mondeville,1,283
damery,1,1464
damery,1,240
le thoronet,1,2499
deauville,1,3665
lalande-en-son,1,678
gallargues-le-montueux,1,3783
saint-paul-de-fourques,1,303
saint-lunaire,1,2439
la forge,1,540
villaines-la-juhel,1,2851
mirecourt,1,5728
bellignat,1,3859
villeneuve-de-marc,1,1165
maclas,1,1856
monts-sur-guesnes,1,900
fumay,1,3541
saint-hippolyte-du-fort,1,4043
percy-en-normandie,1,2688
bouillante,1,7135
morigny-champigny,1,4452
afa,1,3198
sigean,1,5571
lieusaint,1,431
lieusaint,1,13366
flaviac,1,1240
ham-en-artois,1,1005
moussy,1,774
moussy,1,106
moussy,1,132
auchy-les-mines,1,4765
malville,1,3515
assevent,1,1843
puteaux,1,44905
saint-genest-lerpt,1,6201
donzenac,1,2715
selles-sur-cher,1,4631
port-en-bessin-huppain,1,1962
wasquehal,1,20705
sainte-soulle,1,4623
vesseaux,1,1984
brignais,1,11610
vorey,1,1462
nay,1,72
nay,1,3524
authieule,1,415
esse,1,505
laxou,1,14658
val-de-meuse,1,1915
pianottoli-caldarello,1,919
les bordes,1,915
les bordes,1,1935
les bordes,1,88
les bordes,1,559
coteaux du lizon,1,2468
ychoux,1,2322
tullins,1,7801
orval sur sienne,1,1190
cairon,1,2033
larmor-plage,1,8539
hambers,1,623
sainte-colombe-sur-seine,1,958
frontenaud,1,742
gouaix,1,1513
labergement-sainte-marie,1,1231
fouquereuil,1,1582
isigny-le-buat,1,3402
fleury-les-aubrais,1,21305
saint-christo-en-jarez,1,1919
rozier-en-donzy,1,1482
sail-sous-couzan,1,948
brou,1,3440
crouttes,1,317
mantes-la-ville,1,20592
conlie,1,1933
izernore,1,2309
domarin,1,1697
pont-en-royans,1,807
sillery,1,1761
apremont,1,387
apremont,1,120
apremont,1,676
apremont,1,474
apremont,1,1034
apremont,1,1832
saint-avit-saint-nazaire,1,1491
pont-de-roide-vermondans,1,4260
marcenat,1,409
marcenat,1,522
morre,1,1440
forges-les-bains,1,3926
saint-julien-de-coppel,1,1301
ormesson-sur-marne,1,10406
rixheim,1,14114
mas-saintes-puelles,1,944
herbignac,1,6946
saint-remy,1,531
sainte-menehould,1,4234
boulbon,1,1525
fraize,1,2918
laluque,1,1039
muron,1,1361
vernon,1,239
vernon,1,24530
vernon,1,724
corbie,1,6363
cassel,1,2390
ozan,1,692
trouy,1,4075
saint-jean-du-pin,1,1550
leudon-en-brie,1,171
saint-pierre-en-auge,1,7986
villiers-le-bel,1,27808
saint-haon-le-vieux,1,984
merville,1,5710
merville,1,9811
lussant,1,1016
belloy-en-france,1,2197
tournehem-sur-la-hem,1,1453
lannemezan,1,5996
loperhet,1,3842
montbrun-les-bains,1,450
pont-saint-pierre,1,1173
montigny-en-ostrevent,1,4838
noisiel,1,15333
rochegude,1,1624
rochegude,1,255
saulces-monclin,1,821
wallers,1,5565
aubepierre-ozouer-le-repos,1,927
lambres-lez-douai,1,5226
mourenx,1,6660
lamalou-les-bains,1,2528
la chaize-le-vicomte,1,3828
cadalen,1,1561
fondettes,1,10799
pouru-saint-remy,1,1188
arzano,1,1420
morbier,1,2399
maulette,1,978
moissac-bellevue,1,298
bonnes,1,415
bonnes,1,1750
aussonne,1,7057
ceyrat,1,6550
saint-cloud,1,30582
saint-astier,1,5590
saint-astier,1,227
mallemort,1,6132
laroque-timbaut,1,1762
saint-laurent-des-arbres,1,3108
roaix,1,653
lorette,1,4732
rioz,1,2360
saint-nizier-sous-charlieu,1,1747
vix,1,112
vix,1,1808
naves,1,121
naves,1,2550
naves,1,645
neaux,1,492
beaumont-hamel,1,215
carbon-blanc,1,8172
les ormes,1,1653
les ormes,1,348
villebon-sur-yvette,1,10657
gardes-le-pontaroux,1,282
bambecque,1,780
buxerolles,1,36
buxerolles,1,10165
sains-du-nord,1,2918
maurepas,1,18543
maurepas,1,197
noyal-sur-brutz,1,603
clion,1,825
clion,1,1044
ramatuelle,1,2116
gardanne,1,21143
la ville-du-bois,1,7815
saint-symphorien-sur-coise,1,3776
henrichemont,1,1781
loire-authion,1,16294
roscoff,1,3488
rivedoux-plage,1,2325
laigneville,1,4772
niederbronn-les-bains,1,4488
aiserey,1,1413
noisseville,1,1042
saint-viaud,1,2552
calonne-ricouart,1,5487
estivareilles,1,1119
estivareilles,1,698
job,1,1046
fabrezan,1,1308
vigneux-de-bretagne,1,6157
dinan,1,14741
caves,1,888
portet-sur-garonne,1,9841
marcelcave,1,1256
offemont,1,4204
grilly,1,853
roulans,1,1151
terres-de-caux,1,4252
saint-paul-et-valmalle,1,1144
gizaucourt,1,118
vaivre-et-montoille,1,2477
varennes-le-grand,1,2346
sainghin-en-weppes,1,5637
saint-denis-lanneray,1,2298
savy-berlette,1,1099
fareins,1,2246
wormhout,1,5718
la balme-de-sillingy,1,5199
espiet,1,791
salmiech,1,797
meurchin,1,3810
la frette,1,1117
la frette,1,245
gan,1,5615
turckheim,1,3855
brunstatt-didenheim,1,8220
mouroux,1,5549
weyersheim,1,3392
quissac,1,3251
quissac,1,115
saint-yvi,1,3223
chanaz,1,523
groisy,1,3769
saint-didier-en-velay,1,3454
cauchy-à-la-tour,1,2829
vercel-villedieu-le-camp,1,1674
villers,1,596
villers,1,216
saint-pierre-de-chignac,1,888
monsempron-libos,1,2120
rieupeyroux,1,2045
mondevert,1,840
montpeyroux,1,552
montpeyroux,1,449
montpeyroux,1,1365
montpeyroux,1,350
mison,1,1161
wihr-au-val,1,1304
pont-croix,1,1610
montmorency,1,21732
morestel,1,4568
ruffey-sur-seille,1,749
le val,1,274
le val,1,4391
sin-le-noble,1,15799
chaussin,1,1654
sillars,1,625
demi-quartier,1,942
givry,1,278
givry,1,3860
givry,1,182
bassan,1,2144
sancoins,1,3124
courset,1,706
boulazac isle manoire,1,10932
cornimont,1,3270
wintzenheim,1,7996
le port-marly,1,5589
amboise,1,12981
montville,1,4814
taupont,1,2285
wavrin,1,7744
duras,1,1305
rognes,1,4862
saint-romain-de-colbosc,1,4172
saint-poncy,1,367
molsheim,1,9526
saint-hilaire-lez-cambrai,1,1616
garlan,1,1085
pont-sur-seine,1,1181
noirefontaine,1,365
maen roch,1,4944
saint-jean-d'elle,1,2514
mireval-lauragais,1,176
ormoy,1,240
ormoy,1,222
ormoy,1,693
ormoy,1,2066
marsillargues,1,6324
senlis,1,14878
senlis,1,167
sainte-catherine,1,3567
sainte-catherine,1,54
sainte-catherine,1,1000
villers-saint-paul,1,6489
petiville,1,512
petiville,1,1155
soulaines-dhuys,1,419
montigny-sur-loing,1,2777
condrieu,1,3977
candas,1,1109
fayence,1,5881
les hauts-d'anjou,1,8947
saint-trivier-sur-moignans,1,1840
verson,1,3668
la murette,1,1949
colombe,1,1617
beauchastel,1,1851
la tour-de-salvagny,1,4146
sanary-sur-mer,1,16843
honfleur,1,7652
douvres,1,1067
rochefort-sur-nenon,1,684
hendaye,1,16881
chantepie,1,10653
rohrwiller,1,1645
le barp,1,5587
saint-ybard,1,698
le broc,1,1421
le broc,1,695
cognin,1,6381
cesson,1,10558
les fins,1,3247
ligneyrac,1,307
arelaune-en-seine,1,2622
roisey,1,967
ancerville,1,2816
ancerville,1,304
annebault,1,461
chadrac,1,2586
salins-les-bains,1,2736
chef-boutonne,1,2695
ormes,1,184
ormes,1,492
ormes,1,4200
ormes,1,439
ormes,1,482
marnaz,1,5637
saint-gaudens,1,12082
saint-martin-des-noyers,1,2410
sorel-moussel,1,1839
eymouthiers,1,306
marle,1,2305
mousseaux-neuville,1,661
lonrai,1,1171
givraines,1,420
messimy,1,3465
champguyon,1,277
dugny-sur-meuse,1,1331
vayrac,1,1318
la roquebrussanne,1,2500
loyat,1,1665
aigremont,1,804
aigremont,1,20
aigremont,1,1133
aigremont,1,81
ermont,1,29348
marcorignan,1,1327
cornillon,1,955
bruz,1,18734
eymet,1,2674
saint-erblon,1,3147
saint-erblon,1,176
saint-sulpice,1,261
saint-sulpice,1,148
saint-sulpice,1,406
saint-sulpice,1,1120
saint-sulpice,1,93
saint-sulpice,1,133
saint-sulpice,1,779
kesseldorf,1,411
labastide-marnhac,1,1248
gastes,1,828
saint-quentin-de-baron,1,2465
thumeries,1,3931
josnes,1,905
genouillac,1,745
les salles-du-gardon,1,2626
livry-sur-seine,1,2111
choisey,1,1081
sainte-marie-la-mer,1,4834
montferrier-sur-lez,1,3881
delettes,1,1194
seyssins,1,7791
lisle,1,870
lisle,1,198
heilly,1,432
aubessagne,1,710
le temple-sur-lot,1,1045
villaz,1,3551
laning,1,622
magnac-sur-touvre,1,3207
rousies,1,4071
beignon,1,1903
vaison-la-romaine,1,6137
chavigny,1,154
chavigny,1,1857
chelers,1,266
retonfey,1,1399
sallaumines,1,9752
rueil-malmaison,1,79745
belley,1,9499
bourbonne-les-bains,1,2127
juvignac,1,11203
colmars,1,501
arleux-en-gohelle,1,873
entrelacs,1,6399
landrethun-le-nord,1,1309
choisy-le-roi,1,45552
audun-le-tiche,1,6908
chavelot,1,1422
rochemaure,1,2330
bavent,1,1828
taluyers,1,2601
bachant,1,2349
bergheim,1,2170
longuenesse,1,11563
ousse,1,1711
bihorel,1,8582
bayeux,1,13491
folschviller,1,4065
cormeilles-en-parisis,1,24354
parthenay,1,10652
selongey,1,2436
argeliers,1,2170
clarensac,1,4361
gavray-sur-sienne,1,1994
gouarec,1,957
saint-hilaire-du-maine,1,887
trept,1,2225
occhiatana,1,247
avanton,1,2204
peyre en aubrac,1,2368
la bachellerie,1,919
couiza,1,1137
chalabre,1,1130
yvetot,1,12123
polignac,1,173
polignac,1,2899
la cluse-et-mijoux,1,1335
champigny-sur-marne,1,77992
dompierre-sur-besbre,1,3097
belleherbe,1,636
manciet,1,831
franois,1,2380
binges,1,801
pleudihen-sur-rance,1,2986
pompey,1,4938
pompignan,1,971
pompignan,1,1484
valloire,1,1110
vailly-sur-aisne,1,2040
bourg-des-comptes,1,3332
fontaine-le-comte,1,3926
douzens,1,745
genech,1,3342
moirans-en-montagne,1,2206
vigneux-sur-seine,1,31752
frangy,1,2159
lavelanet,1,6305
la grandville,1,812
avoudrey,1,924
chamonix-mont-blanc,1,8996
chevreuse,1,5810
thoiry,1,6215
thoiry,1,468
thoiry,1,1438
marciac,1,1310
montbrehain,1,829
saint-pardoux-isaac,1,1155
vougy,1,1530
vougy,1,1589
grisolles,1,254
grisolles,1,4169
fruges,1,2611
bourdettes,1,523
mers-les-bains,1,2858
la crau,1,18706
la roche-maurice,1,1850
lieurey,1,1467
villaines-sous-malicorne,1,1037
colleville-montgomery,1,2478
bourg-argental,1,2979
civray-de-touraine,1,1885
ogeu-les-bains,1,1318
le gua,1,2130
le gua,1,1804
ger,1,814
ger,1,1947
ger,1,165
saint-laurent-des-hommes,1,1036
caudan,1,7035
saint-aubin-du-cormier,1,3998
rostrenen,1,3405
caussade,1,7104
tarare,1,10863
craon,1,4685
craon,1,189
jonage,1,5978
tronville-en-barrois,1,1468
la rochette,1,70
la rochette,1,475
la rochette,1,61
la rochette,1,544
la rochette,1,3510
baix,1,1189
argences,1,3748
malicorne-sur-sarthe,1,1938
calvisson,1,5842
ennezat,1,2536
le may-sur-èvre,1,3875
rouvroy,1,522
rouvroy,1,8775
bretteville-sur-odon,1,3913
terville,1,7116
le donjon,1,1096
plouguin,1,2192
vallons-de-l'erdre,1,6676
steene,1,1379
saint-illiers-la-ville,1,403
saint-mard,1,115
saint-mard,1,1216
saint-mard,1,89
saint-mard,1,3885
saint-mard,1,168
sassetot-le-mauconduit,1,1118
neuville-sur-sarthe,1,2469
sarrola-carcopino,1,3329
sainte-scolasse-sur-sarthe,1,638
krautergersheim,1,1706
truchtersheim,1,4110
la ville-aux-clercs,1,1296
comines,1,12446
lafox,1,1171
aignan,1,805
le noyer,1,296
le noyer,1,222
le noyer,1,219
seringes-et-nesles,1,280
ardres,1,4475
chambry,1,860
chambry,1,991
saulx-les-chartreux,1,5927
beaugency,1,7483
les pieux,1,3312
fontenilles,1,6059
la chapelle-janson,1,1477
lannoy,1,1780
chessy,1,2111
chessy,1,5683
voulaines-les-templiers,1,298
carcans,1,2459
saint-castin,1,906
rouziers-de-touraine,1,1339
le verdon-sur-mer,1,1346
fontenay-le-fleury,1,13622
crach,1,3431
arc-et-senans,1,1654
bannost-villegagnon,1,669
pitgam,1,978
rolleville,1,1213
riscle,1,1930
fay-de-bretagne,1,3674
santec,1,2471
val-d'aigoual,1,1451
montataire,1,13419
rompon,1,1112
charenton-le-pont,1,30568
bully,1,415
bully,1,2019
bully,1,937
westhoffen,1,1677
turny,1,701
ayzac-ost,1,463
ligny-en-barrois,1,4190
saint-gelais,1,2154
brassac-les-mines,1,3430
granges-aumontzey,1,2724
culoz,1,3082
allonnes,1,316
allonnes,1,3084
allonnes,1,11206
andance,1,1206
accous,1,474
cordelle,1,937
mortagne-du-nord,1,1633
montmirail,1,3648
montmirail,1,398
bascons,1,877
saint-vite,1,1195
sault-de-navailles,1,914
ableiges,1,1169
rouez,1,779
pommerit-le-vicomte,1,1810
vron,1,863
bourth,1,1289
poitiers,1,90703
saint-jean-soleymieux,1,872
la puye,1,616
cours-de-pile,1,1611
saint-martin-des-champs,1,313
saint-martin-des-champs,1,4738
saint-martin-des-champs,1,661
saint-martin-des-champs,1,315
saint-martin-des-champs,1,289
la martre,1,216
herblay-sur-seine,1,29571
chavagnes-en-paillers,1,3638
villars,1,472
villars,1,176
villars,1,8128
villars,1,791
guesnain,1,4713
labastide-villefranche,1,339
limons,1,767
appoigny,1,3219
boissise-le-roi,1,3816
brazey-en-plaine,1,2422
grand-couronne,1,9842
sales,1,2027
jouy,1,1980
jouy,1,539
grues,1,865
tresserre,1,1079
vimoutiers,1,3428
la romaine,1,515
puymoyen,1,2522
saint-marcel-bel-accueil,1,1431
saint-hilaire-le-vouhis,1,1081
bardos,1,1878
le perreux-sur-marne,1,34161
guichen,1,8766
vitry-aux-loges,1,2222
saint-martin-de-seignanx,1,5613
herbinghen,1,386
cheniers,1,111
saint-jacut-de-la-mer,1,925
migennes,1,7354
saverne,1,11548
stosswihr,1,1386
annonay,1,16956
saint-hilaire-saint-mesmin,1,3123
saint-piat,1,1080
saint-vigor-le-grand,1,2489
lindry,1,1429
saint-julien-les-rosiers,1,3410
monteneuf,1,771
mouguerre,1,5248
agen,1,34417
anizy-le-grand,1,2584
vers-pont-du-gard,1,1885
crevin,1,2867
saint-julien-en-genevois,1,14476
beauvoir-sur-mer,1,3964
soncourt-sur-marne,1,379
tourrettes-sur-loup,1,4078
saint-riquier,1,1288
lauterbourg,1,2330
eauze,1,3992
gaillon,1,7022
saint-martial-de-nabirat,1,588
marigny-le-lozon,1,2703
bono,1,2508
anzin-saint-aubin,1,2828
briare,1,5303
callian,1,48
callian,1,3266
saramon,1,841
la chapelle-taillefert,1,436
le luart,1,1451
tournus,1,5885
montech,1,6469
combs-la-ville,1,22556
verberie,1,3900
attignat,1,3275
terssac,1,1221
montesquiou,1,603
avroult,1,611
plainfaing,1,1703
le versoud,1,4874
ploumoguer,1,2100
bren,1,572
labastide-du-temple,1,1152
bellevigne-en-layon,1,5843
val-de-bonnieure,1,1318
villers-plouich,1,408
allevard,1,4210
la jarne,1,2532
neuville-saint-vaast,1,1555
salles,1,7157
salles,1,300
salles,1,240
salles,1,341
salles,1,188
saint-gratien,1,383
saint-gratien,1,20859
nivigne et suran,1,825
petit-caux,1,9755
verrens-arvey,1,930
sartrouville,1,52433
pampelonne,1,870
montcresson,1,1307
estaires,1,6538
brumath,1,10089
le bourget-du-lac,1,4964
saint-roch,1,1273
la plaine-sur-mer,1,4351
la chapelle-en-serval,1,3225
entre-deux,1,6969
habsheim,1,4991
luxey,1,677
saint-selve,1,3063
bry-sur-marne,1,16805
unieux,1,8683
landerneau,1,16398
cheval-blanc,1,4351
abondant,1,2426
saint-laurent-en-caux,1,781
beauzac,1,3001
hohfrankenheim,1,267
rouxmesnil-bouteilles,1,1890
sassenay,1,1631
marcillac-vallon,1,1757
lorgues,1,9278
pontault-combault,1,37994
guipel,1,1734
chazelles,1,33
chazelles,1,1583
chazelles,1,37
mouliherne,1,872
charency-vezin,1,625
croix,1,21317
croix,1,168
pays-de-clerval,1,1258
saint-hippolyte,1,447
saint-hippolyte,1,121
saint-hippolyte,1,1431
saint-hippolyte,1,911
saint-hippolyte,1,135
saint-hippolyte,1,654
saint-hippolyte,1,3081
saint-hippolyte,1,981
saint-georges-des-groseillers,1,3311
verteillac,1,689
lessard-en-bresse,1,555
lavilledieu,1,2164
droupt-sainte-marie,1,241
vouziers,1,4489
chanteloup-les-vignes,1,10455
pignans,1,4246
marsilly,1,3133
marsilly,1,585
loddes,1,166
maintenon,1,4371
bougival,1,8841
saint-jean-de-bournay,1,4699
retournac,1,2988
saint-germain-lembron,1,2017
hermes,1,2539
clavette,1,1399
rousson,1,4177
rousson,1,416
bernes-sur-oise,1,2735
authie,1,1642
authie,1,296
massy,1,348
massy,1,51142
le malzieu-ville,1,745
beaufort-en-anjou,1,7383
bellengreville,1,1510
bellengreville,1,483
pussay,1,2231
vinon-sur-verdon,1,4321
vaux-sur-mer,1,3873
ribemont,1,2009
condes,1,116
condes,1,310
barbentane,1,4332
senozan,1,1141
rothau,1,1609
fontaine-la-guyon,1,1696
grand bourgtheroulde,1,3874
aunac-sur-charente,1,628
gertwiller,1,1271
marlieux,1,1207
innenheim,1,1194
saint-just-malmont,1,4270
savigny-sur-braye,1,2045
rouhe,1,81
saint-sauveur-de-montagut,1,1140
morvillars,1,1100
gravigny,1,4021
montlignon,1,3068
kaysersberg vignoble,1,4618
lagnes,1,1667
muttersholtz,1,2051
banyuls-sur-mer,1,4838
crayssac,1,783
serpaize,1,1964
saint-denis-de-jouhet,1,983
rouvrois-sur-meuse,1,208
bizanet,1,1713
londigny,1,257
florange,1,12054
beaufort,1,468
beaufort,1,223
beaufort,1,559
beaufort,1,1013
beaufort,1,2131
pietrosella,1,1701
les lucs-sur-boulogne,1,3534
fumel,1,4926
aubignan,1,5752
bouloc,1,4743
auriac,1,43
auriac,1,235
auriac,1,244
damgan,1,1727
saint-georges-de-didonne,1,5471
staple,1,663
jardres,1,1297
les magnils-reigniers,1,1618
heyrieux,1,4795
mercy-le-bas,1,1284
le grand-pressigny,1,935
aigne,1,276
rexingen,1,204
uttenheim,1,556
civrac-de-blaye,1,877
craponne-sur-arzon,1,2023
camiers,1,2760
dombasle-en-xaintois,1,126
poulainville,1,1234
lagrave,1,2179
pointis-inard,1,938
masseube,1,1971
les angles,1,8551
les angles,1,129
les angles,1,555
andilly,1,2268
andilly,1,293
andilly,1,919
andilly,1,2645
seychalles,1,796
plouezoc'h,1,1658
beaumont-sur-oise,1,9669
saint-agathon,1,2326
ploeren,1,6784
mantes-la-jolie,1,44528
castelmoron-sur-lot,1,1772
marcellaz-albanais,1,1947
willer-sur-thur,1,1866
mesbrecourt-richecourt,1,307
presles,1,89
presles,1,3956
chaumes-en-retz,1,6868
saint-onen-la-chapelle,1,1168
challes-les-eaux,1,5864
plouescat,1,3528
lingolsheim,1,18496
belleneuve,1,1635
longues-sur-mer,1,621
laruscade,1,2785
thuir,1,7765
vincelles,1,293
vincelles,1,434
vincelles,1,950
saint-martin-belle-roche,1,1418
lavernat,1,606
bozel,1,1898
les mollettes,1,828
villecomtal,1,411
chaponnay,1,4338
bretagne-de-marsan,1,1572
oudon,1,3870
oust,1,552
chassieu,1,10505
guerpont,1,254
bois-de-haye,1,2359
saint-claud,1,1081
baratier,1,613
longvilliers,1,253
longvilliers,1,514
conflans-sainte-honorine,1,36285
molliens-dreuil,1,969
frelinghien,1,2435
odenas,1,952
boeil-bezing,1,1312
moyenneville,1,642
moyenneville,1,275
moyenneville,1,727
baule,1,2111
chantonnay,1,8732
le bouscat,1,24090
briec,1,5742
loudenvielle,1,306
saint-esprit,1,9520
houdain,1,7307
saint-ciers-du-taillon,1,558
chassors,1,1139
raucourt-et-flaba,1,854
argent-sur-sauldre,1,2142
clefmont,1,179
huisseau-sur-mauves,1,1685
bazoges-en-pareds,1,1180
villate,1,939
bandol,1,8554
saillenard,1,801
sillingy,1,5371
bron,1,42020
saint-marcellin-en-forez,1,4898
riantec,1,5761
lasseube,1,1777
desvres,1,5024
vulbens,1,1656
manneville-la-goupil,1,1035
conteville,1,1009
conteville,1,73
conteville,1,498
conteville,1,215
claye-souilly,1,12631
lucinges,1,1690
la chapelle-saint-mesmin,1,10550
marcilly-sur-eure,1,1611
jourgnac,1,1130
saint-gobain,1,2320
les garennes sur loire,1,4629
boos,1,3855
saint-augustin-des-bois,1,1246
vieux-lixheim,1,264
viller,1,205
aussois,1,701
pont-aven,1,2859
saint-jean-bonnefonds,1,6707
nelling,1,272
nonancourt,1,2328
mont,1,1217
mont,1,44
mont,1,188
port-vendres,1,4204
chablis,1,2318
la garenne-colombes,1,29414
nuits-saint-georges,1,5577
sainte-austreberthe,1,410
sainte-austreberthe,1,617
cerdon,1,797
cerdon,1,961
peillac,1,1909
marigny-les-usages,1,1595
dormans,1,2976
ussy-sur-marne,1,1077
guipavas,1,14857
boutigny-sur-essonne,1,3039
gap,1,42487
perreux,1,2293
illzach,1,14862
bouvignies,1,1561
lampertheim,1,3333
saintes-maries-de-la-mer,1,2352
le theil-de-bretagne,1,1767
olonzac,1,1791
commer,1,1227
heuchin,1,540
courville,1,461
dieulefit,1,3297
chermignac,1,1281
rosporden,1,7791
saint-romain-en-gal,1,2001
tourves,1,5097
louargat,1,2389
jarny,1,8468
saint-laurent-de-condel,1,509
hangenbieten,1,1577
villereau,1,378
villereau,1,1010
velleron,1,3013
valleroy-aux-saules,1,268
saint-paul-cap-de-joux,1,1136
avion,1,17762
creil,1,35884
beynes,1,134
beynes,1,7774
kourou,1,25913
pauillac,1,4945
le russey,1,2423
changy,1,647
changy,1,123
changy,1,476
woincourt,1,1283
uzein,1,1255
coursac,1,2193
erquy,1,4004
issy-les-moulineaux,1,69277
surzur,1,4520
pleaux,1,1524
saint-paul-en-jarez,1,4904
saint-bonnet-le-courreau,1,701
baud,1,6454
ortaffa,1,1500
archigny,1,1109
la roche-blanche,1,1207
la roche-blanche,1,3489
saint-germain-en-montagne,1,417
zegerscappel,1,1561
mornas,1,2453
sainte-bazeille,1,3262
ajain,1,1164
champoly,1,331
vimines,1,2066
terrasson-lavilledieu,1,6308
la chapelle-rambaud,1,262
